rainfall_mm,temperature_c,humidity_pct,wind_speed_kmh,river_level_m,cumulative_rain_7d,flood
7.04,27.02,53.91,57.53,2.43,14.04,0
45.15,18.05,42.8,46.4,13.45,15.27,0
19.75,27.94,96.71,54.36,6.22,12.35,0
13.69,34.57,58.82,14.07,6.0,10.71,0
2.54,32.69,66.56,11.85,1.68,14.03,0
2.54,32.14,46.88,0.39,0.79,8.24,0
0.9,28.6,90.22,42.41,-1.14,10.81,0
30.17,23.6,41.66,56.25,8.55,9.05,0
13.79,32.58,90.04,11.22,4.85,18.54,0
18.47,25.83,48.42,38.22,4.37,20.46,0
0.31,40.92,93.19,44.79,2.23,19.83,0
52.55,32.85,83.79,55.66,15.78,16.7,1
26.8,27.1,49.88,38.81,8.09,13.32,0
3.58,26.94,73.95,58.22,0.41,15.58,0
3.01,29.54,58.76,20.68,1.4,13.51,0
3.04,28.8,50.69,21.0,-0.25,6.51,0
5.44,35.58,91.55,32.58,3.8,7.33,0
11.16,30.93,64.21,23.01,4.67,8.36,0
8.48,26.34,63.91,0.09,3.53,3.66,0
5.16,39.45,50.19,43.91,0.16,9.12,0
14.2,30.25,62.98,45.1,4.46,6.13,0
2.25,33.84,92.3,44.82,1.89,6.57,0
5.18,26.96,61.79,20.7,2.15,9.78,0
6.84,31.82,97.1,31.34,1.05,10.32,0
9.13,31.56,96.78,21.6,2.09,9.56,0
23.07,20.55,48.69,0.96,6.47,10.17,0
3.34,40.08,50.64,33.75,0.4,8.78,0
10.83,36.45,91.76,7.43,4.78,11.48,0
13.46,28.01,63.57,4.8,2.12,9.51,0
0.71,24.49,40.26,45.33,0.87,10.21,0
14.03,31.74,56.43,0.57,2.92,13.67,0
2.8,30.43,75.86,57.54,-0.12,16.32,0
1.01,31.78,87.96,30.92,-1.71,18.83,0
44.61,30.96,48.0,58.98,12.83,20.56,0
50.56,32.53,46.63,3.48,16.68,21.28,0
24.78,37.24,95.33,35.01,7.7,23.57,0
5.45,32.84,85.07,20.96,0.44,21.06,0
1.54,24.75,75.39,50.61,1.48,13.89,0
17.29,36.81,86.15,21.67,6.42,7.87,0
8.7,38.2,65.73,15.63,2.71,7.04,0
1.95,45.76,85.51,51.45,2.62,15.5,0
10.25,24.38,62.31,22.48,3.9,12.4,0
0.52,31.21,54.65,1.01,0.84,7.99,0
36.01,19.59,83.74,23.42,10.0,9.28,0
4.49,32.77,65.18,39.27,1.97,10.78,0
16.29,27.26,98.88,15.26,5.1,10.61,0
5.6,39.62,60.97,25.92,2.2,11.84,0
11.01,26.13,95.3,3.4,2.62,15.7,0
11.87,21.55,95.98,35.29,3.69,18.88,0
3.07,27.64,54.51,45.38,0.1,23.38,0
52.39,20.12,87.89,24.8,13.57,26.27,1
22.38,33.76,65.98,25.21,7.71,21.7,0
42.08,19.67,95.05,5.3,11.12,27.26,0
33.78,30.14,67.01,12.12,10.24,28.82,0
13.67,19.61,84.66,9.28,4.43,22.41,0
38.24,28.4,68.02,28.9,11.8,20.74,0
1.39,38.22,53.67,31.76,0.13,13.94,0
3.27,31.8,51.96,56.94,1.25,10.18,0
0.69,25.68,65.53,4.39,0.68,9.28,0
5.9,29.84,85.33,35.99,2.51,6.61,0
7.38,30.09,76.3,31.59,3.95,8.04,0
4.75,32.36,81.32,30.97,1.66,10.36,0
26.47,23.17,56.94,52.39,8.0,9.52,0
6.62,32.96,68.89,12.33,1.08,9.11,0
4.95,16.48,42.66,2.45,1.92,11.52,0
11.74,26.85,89.05,40.34,4.19,13.67,0
2.28,27.56,99.39,20.71,0.49,14.36,0
24.31,33.17,64.41,1.06,7.84,22.36,0
1.16,30.11,40.66,15.08,0.06,16.22,0
65.01,22.97,50.19,18.56,20.17,15.6,0
22.19,25.08,79.15,37.01,7.57,21.69,0
3.32,30.99,76.72,10.36,1.9,21.42,0
0.08,29.6,87.27,24.78,0.14,19.19,0
25.35,27.1,55.23,28.95,6.56,13.68,0
18.41,27.6,85.82,27.55,4.91,13.42,0
19.58,33.48,81.28,58.44,6.47,18.03,0
22.13,27.41,59.37,2.73,9.09,16.08,0
1.15,29.56,72.73,57.06,0.01,13.73,0
6.66,40.85,48.84,34.92,2.45,8.85,0
1.85,22.88,67.15,47.74,-0.0,11.92,0
29.83,20.74,92.87,25.82,7.97,9.46,0
14.64,33.92,65.27,27.23,3.72,8.6,0
6.03,26.61,90.37,52.76,-0.27,7.56,0
0.99,28.41,75.42,53.76,1.65,12.12,0
5.59,26.09,51.51,14.32,-0.55,7.83,0
5.9,28.7,74.87,11.95,1.51,16.04,0
19.62,37.99,70.36,29.77,4.71,15.84,0
15.22,34.01,63.92,54.02,3.68,14.25,0
32.73,34.31,47.18,19.34,11.2,14.99,0
9.59,22.92,65.0,39.12,3.08,15.72,0
1.91,24.24,44.37,42.49,-0.39,15.96,0
18.74,15.8,45.93,46.72,5.03,20.26,0
21.46,25.95,64.95,33.84,5.67,15.5,0
12.36,34.78,58.32,24.15,3.66,14.39,0
22.11,32.58,95.53,58.02,6.81,16.75,0
10.21,28.89,62.54,36.68,4.96,13.37,0
11.1,29.89,85.47,43.71,1.41,10.26,0
8.37,26.56,71.81,20.7,2.48,9.73,0
0.39,31.02,82.25,40.2,-0.2,7.81,0
1.71,33.83,55.61,15.47,1.46,7.84,0
0.48,21.92,96.51,14.71,0.5,6.39,0
15.18,31.5,71.81,42.88,5.14,9.46,0
5.66,34.66,89.88,31.28,2.04,9.43,0
10.66,27.92,61.9,41.0,2.26,10.08,0
35.72,33.5,46.01,16.17,11.93,11.16,0
4.3,44.07,80.42,35.92,2.09,10.93,0
7.92,29.48,40.47,26.64,3.29,10.24,0
21.13,31.97,68.52,35.82,7.6,10.31,0
3.9,26.31,51.57,17.45,1.59,9.73,0
1.2,30.91,77.64,42.93,1.84,11.36,0
5.13,32.3,98.77,48.36,1.92,14.57,0
2.64,30.97,67.86,15.59,0.57,13.76,0
39.82,24.9,89.05,18.04,11.94,20.23,0
24.76,31.03,70.47,39.67,7.41,19.22,0
15.05,37.31,69.75,41.74,4.0,19.64,0
30.77,32.24,95.83,42.25,10.86,24.27,0
24.42,34.81,93.4,40.96,7.62,22.73,0
3.1,28.81,87.15,23.57,1.02,23.14,0
33.46,33.75,57.78,23.69,10.43,24.1,0
11.63,31.4,72.7,15.29,6.47,22.04,0
24.71,25.25,53.43,9.41,6.28,16.69,0
33.96,31.59,66.64,41.55,9.34,16.1,0
5.74,25.04,69.05,5.59,0.34,15.22,0
1.75,26.84,89.9,56.27,0.29,15.83,0
3.88,30.95,93.76,49.6,1.41,14.07,0
8.36,31.49,64.88,51.45,2.04,12.7,0
25.56,24.05,41.06,54.4,7.13,11.0,0
29.57,35.27,91.71,24.52,9.01,11.67,0
0.1,32.86,50.46,50.8,-0.47,14.1,0
10.72,26.48,77.31,9.48,3.53,11.21,0
8.1,22.31,41.5,1.3,3.55,9.4,0
3.77,29.28,63.97,47.09,1.81,11.86,0
1.92,27.77,99.16,4.49,1.46,9.79,0
6.18,30.57,46.04,59.31,2.94,12.16,0
42.95,28.18,65.42,40.49,13.17,15.53,0
5.86,19.96,58.43,45.21,1.6,11.35,0
10.97,28.06,94.31,14.75,2.52,21.54,0
18.21,28.47,92.16,40.43,5.07,25.13,0
6.78,33.17,54.26,2.59,1.51,23.32,0
53.52,26.51,44.87,50.27,16.79,23.93,0
49.23,38.39,77.63,10.18,15.12,20.4,0
4.35,20.44,60.18,41.84,2.0,23.65,0
10.31,36.56,80.33,13.47,1.93,20.55,0
5.37,28.88,41.93,4.11,3.04,14.12,0
5.03,34.3,48.0,28.89,1.08,8.47,0
0.56,30.4,81.18,10.16,-0.93,8.63,0
14.11,35.7,52.74,43.77,3.79,3.9,0
10.48,28.06,91.46,14.25,5.63,10.63,0
0.79,24.51,43.52,20.55,-0.15,10.88,0
4.9,37.1,52.93,34.05,1.14,9.57,0
35.83,29.43,99.91,17.1,10.56,10.72,0
4.11,31.11,65.98,22.68,1.08,19.85,0
2.35,36.17,82.18,48.94,-0.08,17.03,0
10.08,24.84,50.96,10.75,3.17,19.45,0
63.66,32.98,76.59,4.93,20.17,15.87,0
4.16,27.05,83.57,19.7,1.56,13.93,0
16.73,29.34,58.87,25.46,3.91,21.52,0
21.51,30.36,89.73,32.56,6.11,19.45,0
4.07,22.5,76.21,22.35,0.67,12.65,0
19.54,26.11,63.35,47.39,5.92,12.14,0
6.88,36.76,73.46,2.36,3.39,13.0,0
15.01,34.43,74.61,25.91,4.35,12.69,0
15.06,29.69,49.93,22.94,4.43,13.78,0
11.51,31.22,64.16,38.85,5.23,11.88,0
1.42,28.53,60.61,57.98,1.3,11.69,0
27.05,36.78,64.05,30.62,8.69,6.75,0
5.8,29.0,85.67,59.21,3.7,10.24,0
3.1,31.16,68.95,18.13,1.42,7.26,0
0.62,35.73,96.42,1.85,-1.8,7.72,0
13.41,26.11,57.62,9.94,4.85,5.18,0
16.98,37.79,64.94,23.71,3.5,6.65,0
0.25,22.35,87.22,18.98,0.53,8.07,0
10.76,38.15,72.76,5.82,1.52,9.09,0
3.85,28.14,72.82,25.96,0.69,7.89,0
15.54,28.79,43.2,20.29,4.3,10.33,0
2.87,20.55,63.92,7.36,0.09,15.87,0
17.61,27.73,56.24,17.77,4.94,12.63,0
7.33,24.8,99.96,53.19,3.23,12.36,0
41.41,26.96,58.5,18.12,11.71,10.2,0
2.22,29.31,93.07,42.84,1.21,15.87,0
6.26,34.79,80.57,36.72,0.91,15.67,0
1.81,31.04,60.45,25.63,0.35,16.14,0
38.79,31.54,72.61,14.34,11.96,16.18,0
31.48,24.52,90.43,22.14,8.45,18.39,0
4.47,25.6,93.0,35.53,0.03,21.89,0
16.18,38.99,49.62,21.05,5.35,19.38,0
25.49,26.32,60.37,12.89,8.77,14.31,0
12.15,38.28,60.11,6.99,3.57,9.93,0
11.31,28.78,42.52,52.79,2.94,14.35,0
4.15,30.01,75.89,26.42,1.4,16.3,0
1.47,35.35,91.29,37.51,0.5,16.66,0
34.13,36.36,62.89,29.42,10.48,15.33,0
34.6,29.45,84.4,52.35,7.85,13.56,0
15.04,28.06,77.66,32.82,3.44,19.26,0
6.21,29.72,62.54,28.85,1.02,25.21,0
6.44,31.69,48.46,55.48,2.08,23.55,0
19.42,34.46,82.56,43.18,6.01,20.64,0
34.11,30.02,91.27,6.69,10.87,21.1,0
32.72,33.09,81.15,10.66,10.07,22.59,0
22.7,38.19,41.07,47.23,5.51,19.85,0
15.41,31.91,52.97,50.15,6.07,19.29,0
1.32,31.56,44.17,32.71,1.67,18.37,0
2.64,22.41,74.22,33.27,-0.46,14.18,0
34.32,16.85,85.39,37.92,10.63,7.93,0
13.99,31.94,46.63,26.35,3.6,9.48,0
0.14,29.53,90.3,40.81,0.18,12.07,0
1.6,27.43,73.33,6.51,1.53,6.22,0
16.34,31.22,81.4,57.68,7.03,4.17,0
0.08,29.7,98.28,45.01,0.77,6.84,0
2.63,35.64,45.02,37.87,1.08,10.15,0
11.94,30.43,94.07,18.98,3.24,7.04,0
17.66,26.27,47.57,9.66,5.48,9.84,0
15.83,34.95,63.58,24.56,6.11,12.97,0
3.81,28.91,91.09,39.69,1.1,11.26,0
18.68,32.63,94.38,38.02,4.72,14.24,0
4.06,27.61,70.38,22.96,-0.4,10.9,0
5.9,26.75,75.65,36.8,2.28,12.26,0
20.59,30.42,82.49,48.82,6.42,17.33,0
15.73,30.06,89.97,1.58,4.07,15.5,0
28.38,32.4,47.29,27.04,9.54,12.02,0
16.08,28.66,88.6,45.51,4.4,12.93,0
12.6,20.82,68.88,32.77,3.65,15.38,0
1.48,27.84,67.04,39.09,0.43,8.75,0
6.88,33.97,65.43,31.0,1.71,16.16,0
4.62,28.51,70.55,59.51,1.62,12.11,0
4.2,28.77,96.7,3.28,2.41,16.03,0
54.18,34.93,72.89,29.46,15.11,18.55,0
7.49,26.44,97.19,5.48,2.74,16.17,0
33.39,22.29,50.82,9.59,10.19,18.28,0
14.96,29.2,83.45,22.98,4.64,22.62,0
23.76,27.58,88.73,9.33,8.0,14.72,0
10.48,25.17,80.75,57.82,3.19,17.55,0
12.9,29.12,76.42,56.81,4.35,10.32,0
10.17,32.46,73.89,20.17,3.77,13.24,0
3.26,29.95,91.66,38.38,0.47,6.01,0
19.23,31.53,89.3,32.03,6.07,8.79,0
4.94,39.07,47.34,48.94,1.23,5.94,0
0.37,28.29,90.92,37.65,-0.02,16.46,0
15.55,31.39,64.84,0.02,4.34,16.11,0
2.92,27.45,55.22,45.79,1.35,21.07,0
42.32,25.77,92.19,44.81,12.78,18.15,1
46.16,27.08,65.92,30.58,14.24,24.78,0
36.95,27.61,88.5,54.18,11.07,25.81,0
6.93,31.8,55.8,54.51,0.48,26.06,0
0.23,41.75,40.24,31.43,0.1,29.98,0
39.53,26.42,69.73,36.48,11.92,27.83,0
8.38,27.92,46.01,59.79,2.76,26.81,0
51.01,29.68,85.26,17.93,14.71,26.39,1
49.71,31.98,56.56,19.48,13.72,28.26,0
28.76,31.32,66.62,10.97,9.25,24.58,0
5.23,36.42,45.22,53.75,1.3,24.76,0
7.29,17.87,57.2,44.67,2.36,19.92,0
28.57,18.07,86.89,6.34,8.29,13.49,0
5.72,27.52,49.1,58.91,1.71,14.5,0
2.79,35.49,78.83,43.86,0.39,13.73,0
12.21,22.17,95.05,51.03,2.69,20.29,0
41.27,14.96,80.79,2.89,12.85,12.11,1
17.86,32.86,88.66,30.3,4.76,16.64,0
12.66,31.22,46.54,41.92,3.96,24.5,0
1.53,24.55,55.04,32.58,0.87,20.14,0
14.32,25.07,93.67,40.0,3.71,20.9,0
69.16,25.15,82.91,49.07,19.54,20.85,1
2.26,30.55,78.37,22.46,3.11,24.09,0
10.96,26.87,79.83,50.92,2.76,23.4,0
31.48,32.47,64.85,9.77,10.07,25.72,0
20.25,15.73,42.67,16.25,8.01,11.86,0
17.91,25.72,87.07,2.6,6.16,14.81,0
18.18,24.37,80.72,21.87,5.15,15.25,0
6.68,28.72,68.37,22.79,1.94,16.11,0
5.21,27.31,93.99,48.32,0.73,19.24,0
24.86,33.99,60.17,39.19,8.34,19.76,0
24.92,20.7,57.66,26.2,8.04,21.64,0
30.27,30.23,92.37,39.13,8.57,18.73,0
36.67,32.79,87.82,3.17,9.96,24.9,0
10.74,39.28,70.9,10.82,1.9,24.45,0
10.44,27.59,47.84,37.62,4.12,22.89,0
24.01,31.62,52.9,38.48,7.32,19.25,0
15.75,20.98,79.37,46.45,4.94,15.18,0
18.16,18.04,63.1,24.18,4.62,19.95,0
23.83,34.22,90.19,43.35,5.69,18.05,0
33.11,29.97,97.0,41.04,10.9,13.13,0
6.19,35.89,88.34,57.8,1.9,13.57,0
7.06,23.13,62.65,12.91,3.03,15.04,0
1.48,32.6,87.32,33.1,0.06,7.83,0
12.95,39.34,61.09,36.11,3.65,7.99,0
0.55,32.1,50.03,59.92,0.88,7.33,0
9.4,31.38,42.0,12.07,3.55,7.08,0
11.73,30.04,63.14,31.39,4.32,8.94,0
5.06,22.15,94.21,20.77,1.22,9.15,0
13.4,36.78,54.34,31.55,4.64,8.92,0
0.46,26.95,52.39,13.93,1.25,8.64,0
0.57,32.52,98.19,2.86,0.07,8.98,0
25.94,22.18,41.5,34.35,7.27,10.44,0
6.7,24.1,87.15,20.15,3.35,9.58,0
2.04,37.18,59.28,10.92,-0.04,9.68,0
11.08,28.26,42.25,19.44,3.95,7.86,0
22.04,37.27,95.07,2.96,6.55,7.23,0
3.65,29.61,48.38,57.03,-0.75,5.66,0
14.63,20.79,73.11,34.87,5.52,10.64,0
1.34,34.46,56.44,48.89,-2.36,8.87,0
0.8,27.05,43.91,25.39,-1.75,7.81,0
11.37,33.49,43.0,54.2,3.94,10.62,0
11.67,30.13,46.93,29.0,4.03,14.78,0
15.22,22.28,44.28,34.44,3.93,21.0,0
19.42,30.82,85.63,29.51,5.98,21.21,0
55.85,40.98,69.13,44.0,14.22,23.62,0
10.89,32.46,60.57,34.0,3.98,20.76,0
5.85,29.71,65.1,16.3,2.0,18.4,0
23.78,35.38,95.74,8.73,7.09,19.09,0
4.74,31.05,94.65,36.37,1.44,6.57,0
8.67,31.05,82.94,29.35,3.09,11.68,0
1.23,24.54,93.08,5.76,0.34,15.26,0
0.39,31.17,59.18,23.74,-1.76,16.66,0
49.31,35.18,62.87,30.89,16.99,14.54,0
27.12,25.82,76.82,49.61,9.34,14.92,0
17.86,37.12,77.42,4.57,4.07,12.22,0
7.89,29.54,68.9,20.91,2.02,16.95,0
2.85,25.56,64.04,49.36,0.62,7.61,0
2.55,34.99,99.17,38.91,1.84,7.6,0
4.32,28.57,89.27,17.4,-0.86,11.66,0
11.95,33.8,66.1,50.72,3.09,11.16,0
18.81,28.54,83.64,29.6,3.88,15.78,0
16.19,29.7,56.17,29.9,4.57,18.09,0
4.93,32.47,46.01,58.6,1.01,17.59,0
46.47,31.45,61.15,56.83,14.02,17.42,0
20.09,20.02,64.18,21.51,5.42,16.73,0
12.12,24.39,40.99,8.43,2.89,12.72,0
14.19,34.65,88.89,19.54,4.88,16.49,0
8.16,29.34,61.55,1.83,2.9,12.48,0
4.27,27.38,74.83,1.25,1.83,7.68,0
6.6,23.21,44.44,23.73,1.8,11.22,0
21.27,24.6,50.5,56.46,5.81,7.37,0
0.22,19.89,93.38,52.28,-0.05,6.46,0
1.85,29.49,76.52,30.69,1.06,7.64,0
0.71,27.01,97.02,33.91,-1.96,10.27,0
0.62,25.17,99.93,0.36,0.58,9.87,0
29.01,29.66,62.31,12.93,9.01,9.11,0
18.24,31.82,57.93,1.49,5.54,13.19,0
9.64,40.47,91.5,45.27,2.74,10.85,0
1.54,22.44,99.92,8.74,-2.1,10.57,0
10.15,35.8,77.78,52.14,2.6,9.92,0
9.62,34.87,87.71,38.6,4.68,4.61,0
2.85,26.1,86.9,13.77,0.87,9.66,0
8.53,31.02,61.32,9.46,2.25,7.15,0
7.63,27.71,74.46,37.66,2.3,9.68,0
14.35,30.93,89.98,54.05,4.66,6.73,0
15.12,37.55,81.29,43.1,5.2,10.68,0
0.7,33.03,41.27,20.91,-0.02,11.83,0
7.04,32.54,60.2,35.24,2.54,13.39,0
14.75,27.85,48.67,18.65,6.1,10.94,0
10.49,22.58,53.98,59.95,4.15,9.76,0
29.12,28.96,94.33,44.93,11.08,10.16,0
16.12,36.03,42.21,36.86,4.18,9.02,0
2.67,22.36,53.19,25.4,2.48,13.02,0
1.1,24.72,58.57,37.09,-0.46,11.37,0
15.43,30.63,77.01,20.5,4.98,10.76,0
0.4,25.08,72.05,1.73,0.85,15.47,0
13.22,26.04,53.1,23.71,3.46,11.83,0
42.26,27.88,49.85,55.83,12.77,15.79,0
12.85,23.17,54.21,37.58,4.77,12.74,0
7.37,25.13,70.15,5.04,1.5,11.99,0
15.46,33.52,56.27,53.1,6.31,17.49,0
9.19,23.46,96.86,16.13,1.37,14.33,0
11.83,22.01,67.83,14.63,5.49,22.15,0
42.57,26.85,43.53,17.83,13.77,25.05,0
7.32,33.66,83.76,34.63,2.11,22.89,0
48.74,29.02,59.73,32.68,14.22,17.43,0
35.36,27.68,79.21,29.48,10.1,22.53,0
3.27,30.22,56.78,43.05,0.84,14.4,0
1.08,21.27,74.24,18.99,0.27,12.88,0
1.59,32.47,86.33,46.92,1.73,10.88,0
0.28,31.92,95.68,10.52,2.05,6.22,0
1.49,27.95,55.67,46.96,0.65,6.39,0
17.23,35.03,60.09,39.83,4.32,7.42,0
1.11,24.36,67.86,40.99,-0.21,5.73,0
5.76,35.64,95.63,28.89,1.55,13.29,0
27.95,30.77,94.08,40.02,7.36,9.08,0
0.35,28.32,45.39,4.79,-1.07,13.51,0
25.27,29.9,47.92,51.09,9.68,12.07,0
4.97,29.46,69.73,3.33,1.79,11.19,0
1.89,36.1,46.4,8.92,-0.27,11.36,0
17.9,24.62,60.73,34.61,6.19,14.06,0
14.87,26.19,48.9,44.36,3.28,16.77,0
31.49,35.18,78.16,4.58,8.35,16.48,0
19.92,27.02,96.97,55.25,5.17,14.17,0
24.4,34.5,99.8,58.42,8.98,16.35,0
4.97,38.5,62.51,36.36,1.24,15.72,0
2.93,27.99,75.94,28.87,-1.56,25.12,0
20.83,33.41,91.38,44.48,7.46,22.12,0
24.66,24.23,47.05,19.7,7.09,18.99,0
69.86,33.77,81.37,29.6,19.11,19.67,1
7.98,31.0,64.53,54.97,2.08,22.12,0
6.98,32.37,52.37,57.34,2.61,24.63,0
22.47,26.77,64.17,55.62,7.14,26.77,0
6.25,21.69,44.56,15.75,3.67,17.69,0
40.05,32.52,81.72,13.95,11.16,20.77,0
29.32,19.68,55.16,17.86,8.84,20.23,0
8.41,28.41,58.68,26.48,1.82,14.5,0
20.85,34.71,47.26,18.85,4.71,24.3,0
21.07,30.96,91.88,22.45,7.21,16.24,0
1.63,39.74,69.61,37.24,0.95,15.46,0
34.93,35.13,74.33,45.75,10.76,17.21,0
10.56,26.73,74.17,44.13,3.59,19.76,0
26.27,30.14,64.63,48.87,7.2,16.15,0
5.79,29.76,51.55,1.93,0.73,15.92,0
33.88,22.09,84.71,2.86,10.2,16.28,0
7.39,25.3,47.62,47.36,3.38,18.59,0
0.16,27.2,46.23,31.98,1.66,12.82,0
35.37,19.82,82.61,34.69,11.41,16.49,0
1.44,30.24,52.53,3.16,0.46,18.11,0
5.77,28.75,58.41,15.32,2.0,20.3,0
44.95,21.64,68.51,38.3,13.5,23.39,0
45.12,32.02,66.96,51.55,12.51,20.11,0
12.78,33.58,82.51,55.02,3.86,19.93,0
14.99,31.14,77.41,30.03,3.16,18.02,0
8.93,28.38,78.66,32.73,2.55,14.83,0
5.21,32.96,82.84,49.98,3.2,13.69,0
5.98,33.4,57.56,32.26,2.62,11.47,0
16.74,31.54,59.34,31.01,4.1,14.03,0
20.94,25.88,66.28,54.31,6.21,15.08,0
23.52,31.38,58.45,47.4,6.22,16.35,0
23.38,35.98,99.1,54.54,6.95,13.49,0
1.43,27.02,88.84,13.09,1.47,12.37,0
10.23,40.49,49.88,31.46,3.72,8.81,0
0.89,27.37,40.34,50.55,2.75,13.83,0
11.96,30.16,42.57,6.67,4.78,13.0,0
8.74,26.64,54.64,47.68,2.83,15.55,0
32.8,31.12,46.86,10.98,10.52,10.07,0
6.48,21.29,72.0,48.49,1.74,12.14,0
1.87,27.27,91.48,36.72,-0.57,10.75,0
2.31,24.54,84.21,11.59,2.0,7.81,0
21.5,30.68,52.94,28.4,7.46,7.43,0
14.44,34.97,63.96,40.91,4.09,13.44,0
1.6,33.23,70.47,38.03,0.75,11.17,0
1.32,18.14,88.61,25.63,1.64,14.23,0
18.11,40.21,90.35,53.96,6.28,12.04,0
1.13,31.48,94.58,31.16,-1.12,10.39,0
25.88,26.12,70.55,30.35,8.01,4.78,0
18.37,30.79,81.66,3.74,5.34,20.21,0
1.27,30.88,46.71,55.33,1.49,15.95,0
1.33,26.67,73.92,10.63,1.43,16.53,0
64.73,30.99,54.92,31.7,20.74,17.19,0
7.03,26.96,65.9,48.21,0.99,20.8,0
6.95,27.98,78.04,12.93,1.3,29.04,0
25.13,26.57,55.42,31.64,8.65,33.31,0
44.13,22.84,43.13,14.44,12.65,23.93,0
64.03,30.73,40.61,45.58,17.69,24.43,0
21.0,32.93,41.33,33.86,6.83,23.48,0
7.08,32.57,40.5,51.36,1.58,24.19,0
1.31,34.1,46.62,53.67,2.18,17.3,0
22.52,31.62,54.37,38.92,7.05,14.14,0
12.26,27.34,53.27,43.52,3.84,12.96,0
8.28,34.2,99.21,32.95,2.11,9.91,0
35.52,23.21,58.36,23.07,12.25,11.31,0
1.77,25.5,47.65,38.89,0.89,12.23,0
10.18,25.18,72.73,54.5,2.64,6.64,0
0.17,35.4,91.48,25.0,-0.74,12.11,0
9.49,34.71,80.68,18.86,2.77,6.16,0
0.87,32.44,57.76,23.31,-0.72,4.75,0
1.9,35.36,73.7,26.12,1.6,5.65,0
1.88,25.6,82.89,4.41,-1.25,9.48,0
15.71,31.74,83.69,29.91,4.57,11.84,0
20.56,29.37,79.99,29.66,6.78,11.62,0
13.13,34.23,92.25,35.31,4.28,15.15,0
49.12,29.42,92.21,21.77,14.02,19.88,1
7.05,28.08,74.74,36.79,2.77,18.64,0
5.05,32.7,65.79,52.69,0.63,21.36,0
30.44,34.38,78.49,57.33,9.11,23.29,0
3.8,26.66,89.09,35.02,1.79,18.24,0
49.54,29.69,40.34,2.56,15.33,18.04,0
0.18,24.71,99.52,58.15,-0.62,25.32,0
52.54,17.51,50.97,42.35,16.96,19.28,0
0.66,31.0,68.21,20.16,0.29,29.28,0
33.27,33.04,92.32,8.83,10.72,25.02,0
11.25,31.31,53.5,8.61,4.9,24.37,0
74.35,20.25,68.61,10.06,23.42,26.17,0
1.15,28.25,47.95,2.73,1.47,26.53,0
12.11,18.91,63.7,54.13,3.82,23.58,0
52.25,36.85,50.63,32.45,16.47,22.04,0
11.11,24.57,61.82,42.0,3.55,17.2,0
14.89,36.28,62.41,49.69,3.26,16.38,0
17.85,34.73,99.59,47.49,5.66,18.69,0
9.09,25.5,99.69,52.96,2.98,15.49,0
14.82,24.34,46.89,58.04,5.03,14.62,0
13.17,31.75,83.56,26.34,3.82,13.31,0
34.71,25.78,43.1,57.02,9.65,17.89,0
0.7,30.51,41.81,43.4,0.87,19.48,0
4.95,27.59,46.32,4.24,0.17,22.61,0
45.06,21.09,97.93,40.91,14.98,16.62,1
33.15,18.85,96.45,41.2,9.71,15.6,0
9.12,31.13,51.64,54.35,2.98,18.07,0
14.52,27.19,49.7,22.38,4.91,17.98,0
4.87,27.23,54.43,35.09,2.05,9.57,0
3.13,33.48,70.93,0.73,-0.47,7.05,0
9.35,35.87,74.18,19.92,3.63,5.52,0
6.54,28.64,53.3,3.73,2.26,14.52,0
13.14,28.3,85.4,31.31,3.31,20.32,0
1.21,32.5,58.57,49.05,-0.39,24.43,0
54.97,23.22,95.33,12.39,16.16,24.76,1
64.26,31.12,79.4,31.65,17.98,28.83,0
17.97,32.76,66.18,12.24,7.11,26.44,0
11.52,33.4,87.39,7.24,4.94,26.49,0
5.56,20.32,89.07,30.66,2.12,17.72,0
25.21,26.19,57.43,4.75,7.34,16.09,0
17.31,25.61,60.38,35.24,5.0,17.54,0
2.66,30.5,96.16,1.88,1.56,18.13,0
36.27,32.4,49.88,6.4,12.64,23.1,0
25.93,37.48,42.53,33.0,7.21,23.56,0
44.88,27.53,67.24,35.48,12.35,20.58,0
19.4,27.51,88.07,1.74,7.37,28.99,0
14.26,35.75,86.3,34.4,2.49,23.06,0
8.13,31.48,95.17,50.31,1.43,23.92,0
40.49,36.34,71.99,43.34,11.9,18.05,0
30.16,31.44,46.0,7.87,7.49,16.37,0
0.69,24.21,75.32,35.55,1.32,12.85,0
0.4,23.33,86.7,40.34,0.98,24.81,0
7.09,22.24,45.6,2.23,1.55,17.41,0
24.95,33.31,50.36,51.32,8.77,13.55,0
65.46,35.94,40.74,54.38,21.09,16.47,0
2.45,39.25,75.62,51.03,0.62,22.94,0
13.53,34.22,93.2,49.48,3.61,29.53,0
7.19,35.81,80.24,44.7,4.42,29.06,0
52.56,27.1,98.92,38.01,16.49,17.73,1
27.69,24.22,43.78,40.72,8.56,19.38,0
27.33,34.25,94.18,48.38,9.56,18.82,0
9.49,32.09,88.84,39.75,3.15,18.54,0
8.04,30.54,58.85,19.66,1.91,17.47,0
4.79,31.94,98.41,22.56,1.52,16.48,0
0.87,31.62,57.28,53.82,1.3,28.81,0
30.01,36.42,93.36,1.03,7.01,39.03,0
25.14,36.47,92.84,41.93,7.25,36.59,0
122.59,32.72,85.46,57.29,38.16,45.18,1
85.42,34.23,73.81,42.37,25.12,47.78,1
12.16,32.57,47.2,59.63,5.19,51.56,1
21.98,27.69,71.92,41.25,8.01,45.86,0
43.44,33.78,61.41,2.06,12.97,33.29,0
28.42,23.03,87.53,49.62,7.96,18.54,0
4.26,35.27,85.49,17.08,0.99,19.33,0
8.98,24.03,94.64,26.76,5.36,19.82,0
2.07,31.43,40.89,18.73,2.5,15.06,0
46.2,25.77,88.55,16.11,13.99,11.98,1
13.98,32.77,96.31,25.88,3.59,14.43,0
3.89,29.83,87.36,22.73,1.29,12.12,0
16.71,22.03,47.81,38.0,5.26,14.82,0
14.44,32.1,44.88,48.79,3.09,11.07,0
6.65,27.11,41.25,17.83,2.08,8.17,0
1.81,34.41,77.72,12.82,1.86,16.67,0
16.7,30.01,77.78,40.01,3.21,12.1,0
11.02,31.98,99.21,40.22,4.13,12.38,0
22.2,25.21,63.88,54.07,8.03,11.52,0
11.01,27.05,59.91,0.96,2.74,16.41,0
28.68,27.71,77.47,51.18,10.3,17.86,0
12.04,34.28,89.54,31.26,2.92,19.48,0
12.35,38.39,96.21,37.28,4.15,14.77,0
31.39,25.97,88.19,5.48,9.11,11.16,0
7.75,35.38,65.6,25.96,2.02,15.8,0
2.16,19.15,78.09,13.64,0.03,13.69,0
0.44,24.03,91.38,15.25,0.83,13.15,0
21.11,25.21,69.44,30.25,7.18,10.02,0
14.53,23.24,53.0,48.75,4.29,9.85,0
18.26,22.08,50.18,44.63,4.12,5.76,0
3.59,32.06,40.01,35.46,1.48,9.8,0
2.2,28.93,83.09,32.37,1.08,7.48,0
0.22,31.9,46.67,25.64,-0.15,8.38,0
6.48,33.45,54.63,58.36,3.81,4.51,0
13.37,31.33,57.87,33.61,2.45,9.3,0
7.47,33.29,73.62,15.24,0.02,14.43,0
8.63,29.65,63.88,13.81,1.86,15.09,0
35.18,24.07,80.48,36.68,11.26,8.39,0
6.42,35.29,43.34,31.37,0.87,16.46,0
10.82,27.05,47.44,0.46,2.27,15.02,0
22.96,25.32,69.95,49.8,7.84,16.77,0
7.58,29.11,60.22,42.25,2.74,17.55,0
14.6,25.44,57.75,39.71,4.76,17.09,0
29.75,27.91,44.02,4.13,9.71,21.67,0
44.79,31.72,93.74,21.72,13.01,18.95,1
2.39,31.74,81.51,56.12,0.34,18.05,0
39.17,25.51,47.3,51.76,12.56,17.91,0
10.16,27.56,43.9,17.13,1.7,24.78,0
4.48,35.37,98.49,9.42,-0.8,19.29,0
9.22,32.48,80.87,26.95,2.33,20.81,0
58.7,40.38,65.05,21.35,18.54,16.12,0
10.18,35.9,82.1,40.93,3.31,12.78,0
5.98,35.72,85.38,57.99,2.65,15.91,0
15.05,23.06,86.8,21.78,2.5,11.89,0
4.12,33.82,68.67,3.73,1.55,7.1,0
1.18,29.73,65.79,53.86,1.01,2.37,0
2.07,27.25,40.66,2.28,-0.73,2.8,0
2.06,30.84,95.59,57.17,1.48,3.49,0
2.47,34.73,76.2,39.87,0.63,5.41,0
2.24,32.5,52.19,56.5,3.74,5.15,0
15.36,25.61,95.18,11.98,2.43,9.41,0
3.01,33.71,94.9,2.44,2.27,14.22,0
6.36,26.81,99.35,29.29,1.51,8.78,0
34.06,31.08,92.44,27.04,8.6,10.46,0
9.64,28.48,99.87,19.89,2.36,8.64,0
16.52,28.91,54.68,57.46,5.23,6.92,0
2.84,33.83,90.53,49.36,1.89,8.51,0
3.2,24.8,89.38,39.69,2.68,7.16,0
0.63,39.73,53.86,9.77,1.61,3.64,0
2.78,20.89,45.91,44.06,-0.13,2.0,0
4.9,27.01,98.77,43.62,2.6,-0.91,0
2.92,31.85,57.76,25.5,1.27,1.81,0
1.39,32.92,92.25,55.49,-0.24,2.88,0
1.93,29.5,40.25,10.02,0.37,5.67,0
9.26,29.71,41.26,16.04,2.07,1.83,0
3.47,32.05,67.95,3.79,1.08,6.37,0
6.79,28.84,54.32,47.73,1.31,9.34,0
10.5,36.97,81.39,37.31,2.12,9.44,0
17.59,34.2,73.93,18.9,5.76,6.89,0
0.6,34.36,44.65,9.83,0.81,13.37,0
24.1,25.17,49.76,2.41,7.04,15.74,0
14.83,29.6,63.28,10.0,5.82,19.95,0
1.28,28.5,51.14,27.2,0.12,12.34,0
31.02,24.97,87.53,14.83,9.0,19.47,0
38.05,31.8,64.96,15.54,12.08,14.97,0
0.95,27.31,45.61,52.53,0.15,16.33,0
4.86,33.28,69.06,30.91,1.54,16.2,0
24.61,24.65,45.45,43.76,4.86,15.57,0
20.69,38.6,47.74,2.14,6.22,8.87,0
3.06,25.52,54.38,21.91,-0.91,11.48,0
3.52,31.1,91.57,28.75,-0.16,12.04,0
6.94,33.96,95.48,11.19,0.75,9.17,0
9.94,27.15,89.58,7.21,1.94,5.84,0
14.45,34.26,60.04,52.22,3.78,13.87,0
6.9,23.85,56.35,56.37,1.58,6.89,0
9.31,37.26,72.95,4.73,3.46,10.28,0
20.64,30.07,83.31,20.94,6.42,11.46,0
0.56,27.02,99.6,57.5,-1.73,15.79,0
4.36,28.5,47.89,4.99,1.39,16.81,0
18.74,34.04,42.96,38.62,5.94,14.05,0
33.84,27.08,81.66,58.33,9.82,12.68,0
10.75,26.25,89.93,58.69,3.16,16.34,0
11.39,28.89,90.78,28.27,3.61,13.69,0
1.7,24.12,80.71,9.76,1.27,9.6,0
8.9,39.1,97.24,12.13,1.09,6.81,0
11.41,27.17,70.66,53.38,3.18,4.44,0
4.17,34.16,94.83,54.7,2.76,6.21,0
4.71,31.05,98.07,36.47,2.83,8.19,0
7.1,25.08,90.83,45.97,2.98,5.06,0
0.3,29.97,58.59,44.4,0.63,1.28,0
5.83,33.92,51.77,39.71,3.4,6.24,0
3.56,29.06,72.89,49.64,2.99,4.71,0
5.95,35.97,67.18,41.12,1.66,6.09,0
1.91,35.11,92.67,32.04,-0.4,11.21,0
33.18,34.59,46.0,14.22,9.68,14.58,0
13.51,27.7,55.46,44.63,7.15,15.89,0
17.05,24.6,85.11,28.41,3.55,14.26,0
23.35,26.93,45.7,17.69,6.53,19.29,0
10.35,30.98,59.25,48.12,1.69,13.05,0
1.36,32.73,63.23,41.8,0.53,15.99,0
11.55,19.14,77.36,56.24,2.26,14.27,0
13.26,29.96,49.49,9.93,3.87,7.07,0
20.52,30.79,91.64,38.95,4.21,8.55,0
8.48,28.61,66.85,14.65,3.16,13.91,0
2.05,36.46,95.02,54.21,1.84,9.23,0
5.01,32.11,68.07,5.97,1.12,8.8,0
6.77,36.55,56.5,39.37,1.89,8.51,0
15.57,28.92,48.51,47.47,4.51,15.25,0
12.69,34.69,40.22,21.3,3.99,16.3,0
6.6,38.18,71.93,57.25,1.94,16.78,0
64.59,36.56,46.43,51.04,20.15,19.88,0
13.96,24.54,63.5,17.68,5.42,14.87,0
4.06,28.73,75.36,0.45,0.4,11.28,0
1.61,28.27,56.54,17.8,0.17,10.34,0
2.49,32.45,50.51,16.88,1.65,9.0,0
4.23,33.43,86.48,53.4,-0.15,2.86,0
2.63,25.81,96.81,58.03,-1.18,4.0,0
3.1,30.34,46.03,4.23,1.16,6.23,0
5.03,19.9,49.34,28.28,2.01,8.24,0
2.86,37.21,97.6,32.9,0.13,11.5,0
34.06,27.44,42.27,5.57,9.64,8.04,0
1.25,30.28,98.66,22.65,-0.38,18.47,0
11.15,28.45,40.28,19.02,2.48,14.28,0
7.92,35.73,92.42,32.16,3.07,21.81,0
60.58,15.81,58.44,39.67,16.99,20.91,0
1.78,29.92,96.32,42.21,0.27,23.67,0
7.61,29.47,59.02,8.21,1.38,25.95,0
52.34,27.73,79.26,48.78,14.25,25.03,0
30.09,38.63,44.8,40.71,9.9,16.88,0
25.48,25.56,54.54,53.34,7.12,15.02,0
4.47,33.86,86.42,26.96,1.53,24.31,0
2.81,31.78,71.72,53.63,-0.66,18.49,0
16.57,36.31,95.68,51.95,4.23,17.26,0
39.76,26.66,65.73,26.3,12.68,12.3,0
12.2,26.34,92.19,22.87,6.25,14.31,0
12.72,35.48,66.94,55.97,1.84,15.88,0
4.93,32.13,98.75,42.91,1.28,11.15,0
22.01,22.28,97.59,55.69,7.02,10.16,0
3.11,27.3,59.75,47.82,0.32,5.93,0
5.87,31.93,93.16,36.56,2.61,10.67,0
8.31,34.19,90.86,6.95,1.63,9.36,0
10.63,26.6,52.64,17.49,3.34,5.01,0
4.16,15.43,77.46,58.13,0.73,8.47,0
1.83,32.62,44.36,19.17,1.77,8.4,0
14.15,23.9,90.2,5.6,3.57,5.33,0
5.11,19.91,50.47,42.45,1.18,3.19,0
13.06,15.84,44.25,44.04,4.86,8.91,0
2.51,34.07,64.01,17.13,-0.27,6.54,0
9.84,30.64,74.62,17.86,3.02,9.17,0
11.41,28.87,91.3,28.13,1.6,6.59,0
0.8,36.95,98.45,1.31,-0.85,3.44,0
6.16,33.19,66.37,47.36,2.23,17.93,0
2.17,38.08,43.63,19.03,-0.34,14.92,0
0.98,23.04,84.95,51.23,-0.25,8.38,0
69.02,29.83,73.91,48.16,21.2,15.24,0
5.84,21.92,66.87,39.68,1.17,15.01,0
24.9,28.85,58.56,19.49,8.29,18.93,0
4.41,28.76,70.14,30.98,1.54,22.04,0
17.16,33.13,60.32,26.69,5.58,14.55,0
21.42,30.23,85.42,20.33,7.67,14.67,0
13.58,33.12,72.63,50.89,4.39,13.66,0
9.57,33.52,92.61,29.01,4.41,17.83,0
7.96,40.77,72.61,49.96,3.3,19.06,0
6.44,28.42,54.3,6.31,1.41,22.44,0
39.79,25.29,91.07,8.46,13.23,22.96,0
26.63,31.23,73.43,58.64,8.25,21.2,0
50.3,25.99,52.41,35.27,14.69,26.08,0
1.99,37.41,77.41,30.59,0.88,22.36,0
19.69,28.58,61.46,31.39,7.02,22.75,0
41.79,27.17,90.66,12.92,12.99,19.57,1
3.0,27.64,67.2,43.12,2.72,20.24,0
1.03,33.59,83.59,5.09,1.4,17.23,0
20.27,29.21,45.73,34.4,6.6,15.72,0
12.82,26.79,63.76,34.25,2.82,14.07,0
27.66,38.33,98.99,54.85,8.12,10.83,0
2.26,25.72,88.51,31.57,0.75,13.98,0
23.79,30.18,49.6,8.22,7.83,10.82,0
3.38,33.26,56.67,34.37,1.65,11.93,0
2.68,21.84,59.79,5.48,0.97,13.27,0
2.69,32.4,79.02,12.23,0.93,10.38,0
25.28,24.72,85.42,1.87,8.3,10.29,0
16.41,34.11,84.97,30.8,4.07,16.67,0
11.11,25.19,70.59,5.07,5.03,13.03,0
6.67,33.46,88.65,28.16,-0.05,17.1,0
31.46,35.53,66.22,55.98,10.89,20.01,0
7.47,34.31,47.43,43.19,2.2,14.94,0
25.44,31.26,73.87,4.64,8.63,12.72,0
8.67,28.84,97.14,13.45,2.97,15.15,0
7.1,27.12,87.58,40.42,2.48,10.87,0
9.32,37.36,74.72,53.68,3.35,9.3,0
5.38,26.5,78.81,1.98,2.42,12.11,0
20.65,24.81,95.83,48.75,5.87,10.85,0
10.48,33.33,65.7,33.71,4.18,17.98,0
3.96,26.02,59.88,32.77,0.1,12.45,0
34.48,25.25,98.63,57.47,10.34,22.0,0
7.26,22.78,91.81,44.86,3.02,14.14,0
11.76,27.59,59.38,51.01,4.52,17.7,0
35.54,29.59,67.83,21.24,11.12,22.11,0
14.68,31.22,64.9,33.26,4.01,19.98,0
1.86,34.76,48.95,36.92,1.46,20.07,0
42.16,32.63,97.47,19.3,11.98,15.78,0
14.82,29.05,64.26,34.21,6.2,12.47,0
6.12,29.01,92.52,14.2,1.75,14.96,0
2.25,32.55,51.36,8.6,-0.86,16.87,0
23.7,36.36,72.87,22.44,5.92,14.27,0
14.52,30.63,41.44,44.36,4.4,16.98,0
11.44,27.65,85.85,54.97,3.57,16.56,0
33.65,25.04,74.85,27.46,12.06,14.56,0
23.31,22.77,77.54,38.57,5.95,14.4,0
2.47,33.33,43.1,6.18,0.78,13.92,0
5.6,32.89,52.66,54.27,0.62,11.49,0
4.29,32.89,44.46,34.12,0.79,11.47,0
20.44,29.36,57.33,46.82,7.81,8.09,0
0.51,37.03,77.65,47.67,-0.98,12.87,0
12.66,27.58,73.97,15.39,4.38,14.02,0
21.56,34.78,76.73,31.75,6.86,19.7,0
31.41,29.81,72.96,57.63,9.4,14.67,0
6.28,26.96,56.38,5.38,2.4,19.28,0
25.83,32.96,54.67,40.98,6.59,16.12,0
1.76,32.05,48.22,57.74,2.18,14.56,0
28.11,31.78,90.94,18.03,10.36,13.55,0
2.05,30.41,76.99,51.69,0.66,13.69,0
7.59,29.81,51.19,56.02,4.7,9.38,0
23.94,41.94,50.63,44.83,6.78,15.14,0
2.44,35.92,92.38,13.88,1.13,10.43,0
3.91,33.61,84.56,20.04,2.6,9.67,0
19.22,30.56,79.56,2.15,5.31,20.02,0
19.1,35.04,64.41,49.89,4.35,12.13,0
15.37,32.59,55.72,50.98,3.0,15.69,0
17.76,30.13,98.77,37.96,7.39,16.22,0
11.74,28.48,87.83,21.15,2.99,12.99,0
4.35,29.6,58.11,4.61,1.12,13.1,0
6.36,14.15,90.85,45.18,0.8,13.75,0
3.01,31.05,85.54,43.59,1.85,9.18,0
35.86,27.56,57.82,54.76,9.98,15.37,0
13.13,37.96,65.59,43.83,3.45,15.37,0
7.68,30.1,51.16,49.72,2.6,16.01,0
9.3,24.06,46.66,44.76,1.73,18.18,0
44.14,29.75,83.37,37.84,13.06,14.15,1
2.5,24.77,56.05,25.62,2.15,13.2,0
13.24,32.37,89.2,54.13,4.4,16.25,0
10.57,31.45,99.74,39.06,3.3,18.44,0
14.18,34.79,44.6,23.9,4.47,16.64,0
0.27,26.05,68.38,5.01,-0.31,16.62,0
30.85,30.17,88.12,17.44,11.25,20.22,0
40.35,23.17,87.34,32.62,11.29,21.13,0
12.49,33.51,85.6,16.54,3.96,25.8,0
17.89,32.59,60.94,13.27,5.48,23.2,0
38.36,32.48,67.23,31.64,12.52,22.87,0
18.43,30.01,75.7,10.19,6.63,16.42,0
2.48,32.07,98.44,48.02,0.71,16.19,0
12.88,38.02,59.65,29.06,4.15,18.8,0
14.0,28.57,95.39,34.43,4.53,21.09,0
8.28,30.69,56.16,8.84,0.21,22.76,0
20.0,24.57,99.34,19.47,4.41,22.32,0
40.86,25.66,80.22,24.61,11.65,20.16,0
38.97,30.49,67.81,48.49,11.13,24.95,0
8.99,35.52,76.8,46.21,1.5,29.28,0
1.8,28.72,56.35,13.38,1.29,24.29,0
62.84,28.82,56.45,36.97,18.85,26.47,0
27.39,27.97,46.81,14.61,8.0,25.4,0
2.0,27.33,46.84,59.29,-0.66,20.88,0
38.04,31.47,60.86,57.13,11.37,26.54,0
30.59,22.51,85.77,33.8,6.55,19.41,0
10.97,36.4,76.48,41.93,3.13,14.62,0
13.42,26.67,46.16,48.09,4.09,16.09,0
7.64,33.61,91.13,43.26,2.53,10.74,0
0.84,23.65,76.08,41.99,-1.31,7.51,0
6.12,33.34,97.65,57.51,2.06,10.43,0
24.36,33.36,80.21,35.79,6.27,7.53,0
0.07,31.92,50.51,38.18,-0.79,8.77,0
6.09,25.03,68.43,50.96,2.54,12.29,0
7.62,31.25,78.91,40.19,4.3,13.46,0
11.56,24.08,41.7,43.98,3.52,6.25,0
37.86,28.74,40.89,14.05,10.54,15.4,0
6.38,35.15,47.76,22.28,2.1,17.74,0
6.39,33.98,55.1,8.84,2.86,11.46,0
20.06,30.08,65.77,30.35,6.64,11.34,0
9.03,25.13,69.25,27.34,5.45,9.02,0
3.82,33.23,48.28,59.83,0.43,10.59,0
9.03,30.1,80.4,36.67,2.96,8.21,0
2.28,18.4,75.77,47.19,2.23,4.05,0
2.91,33.91,57.67,20.04,2.36,10.08,0
10.35,29.88,40.82,49.89,1.15,8.86,0
8.14,36.01,44.66,36.91,2.44,10.15,0
36.95,24.52,63.5,41.82,12.57,12.7,0
6.75,14.12,49.24,17.67,4.92,11.06,0
13.03,31.4,62.61,32.92,4.61,12.22,0
15.01,31.46,77.69,38.04,4.13,13.18,0
0.2,21.55,72.83,35.35,-0.95,15.14,0
16.34,25.11,53.87,54.91,7.12,11.24,0
2.94,43.78,60.63,53.9,1.61,14.17,0
48.69,28.47,76.84,58.26,13.76,10.66,0
2.41,33.65,91.65,40.05,0.52,25.19,0
8.03,26.75,85.19,58.31,2.72,24.48,0
1.34,19.55,73.2,49.95,0.95,23.34,0
86.52,29.15,61.74,16.25,25.06,18.85,1
10.46,28.67,61.9,25.65,2.52,18.58,0
13.57,28.0,92.77,14.3,2.42,22.26,0
1.04,29.43,42.35,0.25,1.35,22.71,0
20.79,31.32,99.28,11.28,5.9,13.15,0
3.53,29.25,79.86,0.24,1.53,11.03,0
34.25,23.68,80.87,43.19,11.7,7.51,0
3.44,32.43,42.28,25.53,1.25,12.56,0
3.17,20.25,76.33,18.75,0.84,8.35,0
0.56,19.75,69.09,45.7,0.36,5.82,0
9.58,33.7,46.35,49.95,2.94,1.76,0
12.48,32.54,56.68,58.52,4.99,6.58,0
1.02,29.71,93.42,38.52,0.62,12.22,0
22.41,23.02,73.0,27.69,6.18,13.15,0
9.06,26.46,64.8,18.32,3.77,8.92,0
11.15,28.69,44.36,13.34,4.57,9.58,0
8.72,22.02,82.85,12.78,1.28,9.62,0
7.68,26.3,82.17,24.55,3.84,5.11,0
12.3,33.26,76.84,59.51,4.06,8.83,0
2.53,37.14,70.62,0.05,1.04,17.35,0
3.01,27.9,66.03,11.83,1.91,16.16,0
29.68,33.78,75.6,11.3,8.34,15.27,0
43.81,20.43,54.0,43.03,14.1,12.51,0
7.01,33.3,96.48,21.15,1.73,16.15,0
4.74,25.98,75.33,27.44,-0.05,10.96,0
15.49,31.54,58.67,8.92,3.65,13.38,0
7.88,28.76,66.98,24.3,2.93,8.65,0
0.39,36.6,88.34,6.19,-0.83,6.75,0
2.55,25.63,49.7,31.98,2.37,12.05,0
18.88,33.14,57.57,5.88,6.85,3.55,0
16.13,28.6,80.77,47.43,6.17,7.64,0
0.41,29.21,58.93,34.0,0.25,10.02,0
3.76,29.08,87.55,43.44,1.39,6.11,0
3.94,25.77,47.83,25.11,-0.01,6.06,0
16.72,29.93,85.76,22.89,6.01,4.0,0
0.3,29.69,44.1,5.89,0.47,1.94,0
1.65,31.21,40.76,31.43,1.06,7.23,0
24.14,30.42,93.89,30.87,8.93,8.15,0
2.95,33.99,74.88,28.09,0.28,8.51,0
15.87,34.62,61.11,44.43,4.63,7.91,0
4.08,24.75,53.96,49.95,1.55,10.47,0
1.57,34.34,77.01,45.05,-0.46,8.96,0
4.18,24.07,70.54,8.63,1.07,13.3,0
19.22,32.94,99.5,37.32,6.26,11.32,0
29.04,33.1,98.99,4.82,8.39,12.51,0
26.6,20.44,78.1,41.68,9.29,14.04,0
7.59,30.46,66.57,22.91,0.77,15.53,0
16.54,27.66,69.47,7.95,6.09,16.34,0
3.44,26.21,80.95,51.72,1.69,12.72,0
5.2,36.75,46.09,36.84,0.99,11.15,0
34.0,26.73,59.7,21.28,9.28,8.17,0
0.2,25.97,44.52,1.84,-2.02,4.2,0
1.34,30.38,44.4,32.24,-0.39,7.93,0
3.5,33.43,51.75,55.39,2.1,8.47,0
0.4,29.29,69.12,35.78,0.06,4.91,0
3.0,35.83,87.09,58.3,2.06,10.26,0
13.12,32.65,69.13,8.19,3.32,13.37,0
8.21,19.11,60.13,34.1,3.17,12.91,0
33.48,27.35,44.94,47.89,9.33,18.23,0
25.51,27.19,73.02,31.53,6.69,11.47,0
6.27,32.4,56.28,5.46,1.78,12.9,0
4.5,16.88,76.9,34.97,0.69,15.51,0
7.16,42.75,98.63,36.7,0.61,11.17,0
13.38,32.66,46.68,43.72,3.83,9.89,0
4.68,30.74,52.73,45.67,1.51,9.53,0
14.68,35.91,68.39,46.25,5.67,12.53,0
7.9,41.72,98.12,39.81,3.31,7.49,0
12.05,34.35,86.31,12.95,4.83,16.63,0
8.59,34.74,93.89,24.25,3.3,18.71,0
5.23,30.65,60.02,46.57,1.9,12.17,0
44.48,29.29,99.52,57.21,12.11,19.07,1
21.63,27.62,46.17,4.74,6.64,17.44,0
2.26,25.87,43.18,32.13,1.28,19.9,0
30.43,26.56,91.34,18.75,10.59,20.04,0
10.02,23.25,95.64,13.52,3.69,16.63,0
33.74,29.62,45.44,30.35,11.36,17.02,0
24.13,21.58,46.81,36.37,6.21,17.58,0
8.31,30.95,41.99,0.59,2.17,12.86,0
0.34,29.82,46.27,46.81,0.53,15.63,0
4.69,30.73,52.57,49.19,2.57,11.71,0
11.7,27.39,98.2,57.93,3.37,7.0,0
15.06,45.38,80.07,10.84,4.43,7.92,0
4.47,36.8,86.71,35.67,2.03,19.11,0
2.25,23.78,86.57,25.6,-0.45,20.13,0
27.02,31.16,72.1,20.09,9.71,19.24,0
62.41,26.96,87.85,33.94,17.84,18.15,1
11.19,24.93,75.75,46.94,1.44,13.1,0
2.83,23.3,58.87,1.38,0.86,19.74,0
4.77,32.16,73.67,58.16,3.13,13.37,0
0.28,26.59,72.01,48.59,0.67,11.59,0
36.85,34.84,89.41,45.07,11.81,8.76,0
1.88,34.97,98.9,45.62,0.61,11.37,0
12.89,36.87,64.66,23.34,3.71,9.14,0
4.8,25.74,85.8,45.1,-0.1,18.65,0
12.12,32.38,45.99,23.21,1.38,8.69,0
15.81,33.16,86.61,53.92,4.94,12.38,0
26.56,27.63,62.29,10.63,9.28,9.54,0
3.47,26.14,42.36,17.54,1.38,13.17,0
0.17,38.05,61.79,33.08,0.67,15.72,0
2.21,31.14,76.64,19.15,2.25,14.67,0
34.54,33.18,47.16,25.45,10.69,16.71,0
31.06,25.89,95.44,29.55,9.2,16.0,0
13.65,23.9,44.66,51.38,3.28,13.82,0
13.76,27.15,95.8,31.39,6.15,20.54,0
16.41,29.38,82.43,21.75,5.45,17.8,0
2.89,24.68,59.78,14.86,-0.08,15.93,0
36.87,29.95,63.45,24.52,9.89,12.55,0
8.14,21.56,84.45,30.94,3.69,10.82,0
7.25,24.4,76.09,44.77,1.14,9.99,0
10.98,33.35,80.3,7.26,5.15,14.14,0
0.72,33.02,63.35,13.3,-2.54,4.58,0
2.73,28.04,69.27,22.78,2.24,9.14,0
20.09,24.91,99.39,21.62,6.51,6.77,0
1.3,24.86,52.84,23.5,0.51,6.54,0
13.86,28.13,65.07,47.61,3.98,11.82,0
4.22,33.22,57.51,19.45,3.16,7.97,0
7.4,34.64,85.91,30.11,2.93,9.73,0
5.11,27.52,85.84,37.43,0.63,10.23,0
6.59,24.23,57.55,13.93,0.26,6.24,0
19.04,31.34,44.88,43.12,5.89,5.69,0
5.29,25.88,40.69,32.83,1.59,12.3,0
12.53,27.41,65.65,26.81,2.24,13.68,0
9.7,36.63,64.62,48.59,2.85,14.4,0
16.34,34.14,99.3,14.61,4.33,17.58,0
41.43,30.79,68.19,52.99,12.44,12.8,0
19.78,23.64,55.39,33.66,6.66,12.16,0
3.63,31.06,93.47,36.55,2.58,18.2,0
0.48,35.31,69.46,52.5,1.05,8.71,0
4.56,28.12,75.95,49.05,0.65,5.07,0
13.56,36.76,45.74,36.09,4.44,5.79,0
0.79,36.46,62.97,45.19,0.3,6.58,0
10.29,38.32,96.65,26.0,1.75,8.36,0
13.63,31.53,75.37,32.84,4.49,7.42,0
6.1,32.94,60.67,3.72,3.69,10.99,0
22.1,37.07,77.54,5.39,6.66,11.17,0
1.69,32.24,94.62,49.77,-1.09,11.81,0
1.17,27.49,56.44,3.58,0.38,10.92,0
19.54,27.76,70.31,10.16,4.65,12.12,0
10.26,31.19,97.52,47.75,3.94,10.86,0
17.49,23.55,50.34,0.07,5.77,10.42,0
8.56,29.28,83.18,16.94,2.4,16.22,0
4.24,35.48,76.87,35.04,0.94,16.83,0
25.65,19.04,80.78,35.73,7.48,17.75,0
24.1,37.67,61.07,46.63,7.24,17.97,0
17.8,35.61,58.83,30.36,4.57,13.95,0
4.76,27.7,81.05,30.56,0.04,15.68,0
13.38,32.72,52.93,43.52,5.15,9.74,0
6.72,30.02,65.18,29.92,1.63,15.06,0
1.44,36.15,51.29,36.51,0.6,14.39,0
37.39,34.91,40.5,53.87,11.5,15.95,0
2.21,23.0,98.2,24.09,0.98,15.84,0
45.01,32.94,65.9,23.11,12.33,15.36,0
8.86,28.97,98.16,0.21,0.98,20.28,0
3.07,30.41,48.42,36.81,0.33,20.54,0
11.71,26.36,75.24,1.79,3.91,19.8,0
30.95,38.74,52.06,30.25,8.56,14.27,0
19.76,35.2,87.4,48.25,5.57,21.33,0
24.64,26.3,87.02,33.0,9.52,22.37,0
16.13,23.33,46.76,16.18,2.99,24.11,0
17.68,28.07,94.72,47.17,4.55,19.01,0
28.38,32.17,51.68,16.18,10.41,12.35,0
4.31,31.2,76.78,43.98,1.25,22.18,0
10.08,36.27,99.14,36.62,2.32,22.8,0
3.75,33.95,92.94,10.2,2.29,22.34,0
65.93,34.85,97.39,54.31,19.84,20.74,1
43.25,31.63,60.56,12.04,12.63,22.6,0
0.6,23.05,46.33,59.38,0.37,23.2,0
18.34,29.02,51.3,0.44,4.84,30.5,0
38.9,35.3,70.03,15.81,10.65,22.44,0
2.99,29.74,87.59,11.99,0.78,15.51,0
12.59,32.52,49.01,0.84,2.77,21.96,0
37.06,28.41,79.58,43.94,11.13,15.68,0
0.52,24.85,59.41,41.61,0.51,16.26,0
17.93,29.38,60.47,47.54,6.23,25.59,0
5.29,31.55,79.72,15.4,2.72,27.2,0
38.73,26.72,68.02,26.66,11.21,22.59,0
53.14,28.82,88.72,39.55,16.44,23.74,1
43.31,25.3,49.36,26.39,13.48,27.81,0
9.64,35.6,87.4,41.84,3.22,27.85,0
29.71,28.53,43.85,38.04,8.43,28.31,0
27.92,37.26,51.64,6.88,7.35,19.26,0
5.77,37.64,79.37,46.86,2.23,20.56,0
26.48,29.59,91.3,43.24,6.24,13.31,0
0.57,24.96,55.16,39.35,-0.1,14.26,0
13.61,19.57,59.63,9.31,1.53,8.08,0
3.92,22.64,72.23,16.08,-0.16,10.98,0
1.93,23.13,52.69,23.59,-0.3,7.97,0
1.2,36.89,88.67,16.8,1.46,4.72,0
17.88,30.58,86.42,13.67,6.05,7.34,0
6.23,31.95,48.72,48.32,1.32,7.09,0
19.35,18.9,67.83,38.29,6.53,6.73,0
1.01,24.01,86.49,33.93,1.19,13.1,0
5.68,34.44,60.24,13.56,1.54,13.88,0
11.63,31.43,77.99,55.08,2.11,6.32,0
23.46,29.26,43.01,11.47,6.83,12.48,0
5.76,32.82,76.52,47.7,1.63,12.97,0
14.75,38.18,49.16,58.0,3.19,15.36,0
32.57,28.89,89.83,43.63,10.14,12.95,0
14.35,30.35,61.33,59.57,4.59,13.42,0
3.98,30.96,56.89,39.06,1.64,15.23,0
0.37,41.96,90.45,13.05,0.39,19.47,0
30.61,19.5,43.01,12.23,9.91,18.48,0
0.32,33.42,63.8,19.47,-0.08,15.62,0
31.16,29.43,62.2,0.43,9.55,16.33,0
11.29,32.83,57.09,40.9,2.99,34.28,0
41.97,26.71,94.71,16.12,12.01,32.94,1
24.05,29.76,85.06,48.91,8.55,34.42,0
92.73,33.56,43.84,21.55,25.78,32.66,1
6.48,45.56,82.88,28.8,2.82,28.78,0
21.86,34.04,71.64,57.94,5.94,24.13,0
7.71,25.76,94.05,14.53,1.56,26.58,0
9.81,27.88,58.78,43.28,3.2,21.31,0
14.81,27.73,74.45,45.31,2.95,25.51,0
31.03,21.02,70.05,13.26,8.49,24.16,0
62.11,28.35,69.37,30.06,17.78,24.38,0
21.93,33.66,67.37,21.01,6.36,24.77,0
8.11,23.63,52.34,46.31,1.63,22.71,0
8.21,35.24,85.34,37.35,4.06,19.63,0
20.07,32.44,67.08,28.56,7.82,6.18,0
4.09,26.33,97.51,46.76,-0.79,8.12,0
1.76,29.29,55.65,14.11,1.07,7.4,0
6.57,37.99,80.96,45.22,2.83,7.12,0
5.08,33.67,96.44,51.92,2.07,3.74,0
5.27,30.04,79.81,52.72,0.92,4.23,0
3.99,28.81,92.28,47.02,0.95,11.4,0
0.65,30.38,89.65,24.48,-0.55,15.06,0
0.27,27.44,61.61,58.91,-0.34,14.07,0
66.0,19.48,76.01,22.78,18.59,15.11,0
8.37,40.21,49.38,38.32,2.4,13.37,0
7.28,30.78,72.13,9.66,0.68,22.72,0
17.07,31.99,53.83,58.83,4.92,24.77,0
3.69,29.71,84.62,42.24,-0.14,13.62,0
44.92,26.32,71.68,45.2,13.68,14.98,0
23.15,29.07,64.67,3.95,6.27,19.84,0
1.4,22.0,56.13,45.81,0.71,23.45,0
8.11,41.39,99.92,46.48,3.51,24.14,0
31.69,23.83,44.3,40.31,11.1,18.97,0
43.43,24.84,42.61,17.51,10.5,17.92,0
9.45,27.8,53.04,29.38,2.0,28.28,0
14.26,36.44,98.26,6.63,3.97,26.68,0
2.74,30.07,98.75,28.3,1.28,25.64,0
70.94,23.82,79.3,14.63,19.63,20.74,0
3.95,36.27,92.81,20.95,0.2,22.42,0
42.9,33.66,52.84,9.76,13.0,26.92,0
15.73,32.69,98.32,13.8,4.8,23.75,0
14.04,33.58,48.57,4.59,4.59,17.72,0
10.78,41.97,46.07,55.19,3.68,13.19,0
3.93,40.93,46.73,31.82,1.52,7.23,0
2.91,26.57,74.39,23.8,1.07,8.59,0
3.74,38.12,86.86,32.1,1.18,7.47,0
3.1,31.92,62.0,37.7,1.59,4.7,0
22.68,32.5,98.67,55.31,4.57,10.84,0
6.46,21.54,66.07,10.72,3.48,18.33,0
0.89,29.15,49.03,17.73,-1.94,24.54,0
52.16,25.94,67.96,58.55,14.57,38.19,0
32.28,34.14,80.74,22.27,9.46,29.6,0
39.41,35.36,89.93,1.35,12.5,29.92,0
79.2,19.63,67.53,8.86,20.76,32.0,0
2.87,29.89,75.62,1.58,0.83,30.89,0
7.57,35.61,56.04,59.4,3.06,26.02,0
21.3,29.07,78.75,16.73,7.38,20.63,0
17.86,33.65,99.16,55.41,4.66,9.81,0
2.51,31.76,42.94,59.75,0.45,13.65,0
25.38,31.71,93.19,35.99,7.0,13.08,0
3.81,28.64,73.74,1.99,0.75,12.72,0
3.8,23.92,55.13,4.9,0.11,8.74,0
11.55,24.39,97.29,28.9,2.58,6.6,0
13.48,33.55,69.0,24.37,4.48,9.48,0
13.02,30.1,59.9,36.37,4.04,12.72,0
1.44,29.31,50.89,26.33,0.92,15.32,0
31.49,27.88,54.67,56.04,9.66,13.29,0
4.63,28.47,89.97,32.08,2.09,23.46,0
2.08,35.23,76.86,41.62,1.5,22.95,0
32.94,28.32,94.79,53.79,8.14,21.85,0
46.74,23.29,53.92,8.81,13.17,22.85,0
29.72,33.72,47.27,13.78,8.69,25.2,0
24.87,28.98,40.37,6.44,7.44,18.52,0
15.97,30.16,70.47,8.38,4.12,21.08,0
12.01,38.04,99.9,30.76,4.51,16.46,0
1.37,29.9,81.7,19.27,2.39,11.31,0
7.88,31.45,58.5,25.39,2.55,9.59,0
6.99,24.11,92.61,58.95,2.18,8.55,0
4.51,28.9,86.9,9.4,2.2,6.9,0
19.28,33.05,40.92,32.45,3.92,5.35,0
10.27,22.22,89.01,5.93,3.11,7.67,0
1.27,31.0,58.03,19.11,1.36,7.38,0
3.73,30.5,48.98,31.65,0.48,11.88,0
17.25,30.21,53.58,56.8,3.95,9.25,0
1.19,35.19,68.11,23.47,0.17,8.56,0
28.58,31.67,65.49,3.89,8.51,13.56,0
10.25,37.39,57.33,23.29,2.17,15.98,0
9.83,25.03,50.33,8.74,5.04,12.61,0
13.46,30.68,85.73,13.8,3.56,16.96,0
26.12,30.42,99.41,37.09,6.68,12.75,0
6.41,24.65,86.67,4.05,1.83,12.98,0
17.0,34.78,57.76,27.88,6.01,17.92,0
12.51,41.62,54.69,36.57,3.77,16.26,0
4.66,29.91,53.06,25.31,1.88,13.69,0
31.63,32.53,48.2,1.15,8.62,18.91,0
23.95,30.42,73.08,59.13,8.67,18.37,0
16.11,26.43,76.32,22.03,5.4,21.4,0
28.52,20.9,82.33,46.71,9.6,24.61,0
30.29,26.47,80.81,19.54,9.45,18.29,0
18.48,23.04,57.54,28.5,6.37,23.3,0
27.21,38.52,59.82,23.31,7.29,21.63,0
17.93,29.42,80.89,20.55,4.89,23.28,0
17.1,28.27,60.97,1.31,6.48,17.39,0
14.46,34.45,52.76,21.6,5.9,20.35,0
20.96,24.39,62.46,53.37,5.14,21.78,0
2.59,26.17,56.33,41.42,1.03,16.63,0
31.91,30.34,45.3,8.73,9.14,18.2,0
30.82,35.14,89.81,35.47,8.55,13.28,0
0.45,32.51,91.19,53.53,0.42,16.79,0
26.21,31.24,53.19,42.0,9.01,16.56,0
2.07,30.39,43.89,8.92,1.07,10.66,0
6.12,32.0,84.33,52.07,1.52,13.4,0
20.41,31.01,52.69,18.09,6.64,11.32,0
2.63,24.85,63.61,27.24,0.43,12.6,0
25.55,30.23,43.85,31.57,8.08,14.99,0
26.77,24.63,53.58,51.03,9.43,12.15,0
10.62,30.41,87.57,55.9,1.11,10.73,0
0.1,27.6,88.26,55.78,0.83,19.47,0
5.07,42.7,52.43,0.48,-0.02,14.77,0
14.39,29.8,60.15,55.31,5.55,17.04,0
59.6,22.98,48.05,3.26,17.24,16.0,0
14.99,29.33,44.45,15.95,3.28,17.35,0
4.51,32.6,99.53,30.9,2.05,19.88,0
15.08,38.37,79.34,28.8,4.89,18.63,0
11.65,27.05,72.53,36.28,2.5,14.46,0
22.7,22.09,85.93,28.77,5.56,12.58,0
1.7,34.08,90.4,56.06,0.32,16.38,0
21.47,23.1,88.4,14.43,5.24,19.0,0
11.69,27.82,40.99,16.44,2.45,19.33,0
49.45,28.71,51.21,55.24,14.95,21.26,0
6.28,29.65,79.29,4.6,0.92,22.99,0
15.02,33.45,62.55,36.57,4.93,23.76,0
40.33,26.58,98.95,40.9,13.59,26.75,1
1.62,28.63,79.92,30.33,0.34,20.43,0
41.52,29.93,97.39,41.65,12.59,18.65,1
17.47,30.75,52.09,10.37,7.26,16.48,0
1.05,30.49,91.84,51.16,-0.87,12.1,0
5.37,32.18,59.28,8.4,2.8,16.48,0
18.47,34.22,99.37,24.05,6.61,5.99,0
1.05,31.96,49.46,4.52,1.17,7.78,0
13.09,32.27,70.98,32.71,5.22,7.83,0
6.37,22.09,87.57,40.18,2.19,10.41,0
14.55,30.25,65.96,56.47,3.78,19.03,0
0.7,32.4,68.09,44.36,1.31,25.32,0
30.78,33.64,99.18,32.47,10.37,24.25,0
54.45,26.54,65.52,55.96,17.44,26.27,0
52.05,26.7,76.24,28.71,15.66,25.7,0
20.77,27.13,43.27,33.67,5.52,24.19,0
2.09,32.68,90.53,35.77,0.82,20.2,0
21.3,35.17,78.89,24.6,7.33,15.56,0
0.37,27.96,64.24,50.31,1.14,10.56,0
0.34,34.54,40.97,11.11,-0.33,7.9,0
5.86,30.62,75.5,33.29,2.07,12.12,0
10.06,29.38,40.76,43.33,1.71,12.42,0
22.07,28.94,40.07,54.24,7.61,7.37,0
17.25,33.73,76.97,53.04,4.39,23.09,0
8.86,31.63,51.34,30.52,3.44,24.39,0
4.8,41.38,51.51,38.59,0.29,22.39,0
87.77,25.74,79.2,23.65,27.36,22.29,1
8.33,32.59,43.22,28.09,2.82,25.14,0
9.01,27.35,58.8,54.38,1.92,22.7,0
2.68,25.65,48.97,55.84,1.5,21.4,0
23.76,29.95,74.81,53.72,6.54,11.46,0
17.75,30.69,79.71,8.3,6.07,12.45,0
3.74,44.59,83.27,51.01,0.85,6.72,0
1.29,29.08,55.31,56.9,-1.33,12.05,0
17.11,24.35,45.35,21.67,4.15,14.33,0
15.94,31.37,44.72,31.12,4.35,13.73,0
4.79,19.63,65.57,46.75,2.8,13.22,0
45.2,29.54,96.75,33.72,14.46,19.42,1
2.46,30.08,53.06,59.61,2.36,16.58,0
8.49,33.97,55.4,27.34,4.2,19.68,0
43.13,34.87,46.05,42.84,12.41,21.93,0
8.16,27.48,76.33,47.56,2.26,11.15,0
15.26,29.25,80.79,29.65,4.17,18.56,0
7.6,26.17,78.58,51.42,1.61,21.31,0
4.81,24.36,91.67,32.77,-0.4,19.86,0
62.01,31.55,69.19,24.7,18.59,21.65,0
7.9,23.63,48.07,6.47,1.08,15.19,0
33.68,27.93,57.36,23.6,10.07,15.55,0
3.92,25.02,79.75,44.04,3.29,13.9,0
3.59,32.75,76.79,55.28,0.57,13.08,0
0.47,39.01,71.86,15.1,0.34,13.98,0
15.82,23.49,80.98,21.31,5.65,9.11,0
6.9,20.73,78.24,9.24,2.35,14.22,0
29.97,29.38,92.88,41.44,9.28,14.33,0
9.61,30.08,75.16,57.61,2.52,21.91,0
51.72,31.09,86.72,38.46,15.28,19.81,1
3.08,27.77,54.92,37.02,-0.04,24.41,0
30.45,29.0,80.69,33.21,9.98,28.0,0
22.48,31.84,94.13,5.31,5.0,24.91,0
22.11,35.2,63.14,43.77,7.6,18.4,0
27.94,20.22,86.75,36.12,6.98,20.95,0
21.47,28.16,83.49,39.69,7.4,13.46,0
14.76,31.07,43.57,53.93,4.07,21.57,0
2.11,25.41,74.89,47.04,-0.6,19.84,0
0.5,38.66,47.81,46.85,0.73,16.12,0
38.05,26.82,98.04,55.63,12.34,13.0,0
14.38,29.79,88.68,59.4,3.88,12.1,0
23.88,32.78,46.58,34.88,7.89,12.34,0
9.85,27.04,47.31,6.53,0.67,16.11,0
1.87,20.77,75.67,27.55,-0.76,13.19,0
2.01,27.86,60.69,47.26,1.89,7.47,0
17.35,35.15,42.09,1.66,4.98,9.6,0
8.44,28.32,72.5,3.41,0.67,7.55,0
3.36,25.77,63.27,4.03,0.31,6.9,0
10.15,34.63,46.06,43.86,2.12,6.12,0
1.0,28.35,88.12,30.07,0.13,9.47,0
13.08,27.45,94.9,22.13,3.55,6.71,0
4.7,30.75,85.4,6.34,1.59,11.7,0
23.96,33.85,89.35,43.93,7.12,5.98,0
5.57,41.91,52.99,19.26,3.03,9.34,0
9.11,34.14,55.81,15.92,3.16,7.28,0
0.18,35.8,52.51,39.14,0.51,7.05,0
1.13,27.47,85.9,33.54,1.5,6.51,0
7.48,24.87,96.88,21.74,1.85,8.82,0
9.81,30.31,83.01,38.49,1.68,5.52,0
13.75,30.54,92.89,16.27,5.33,11.27,0
5.17,24.61,78.32,47.69,1.69,13.67,0
17.81,29.12,63.26,13.76,5.48,14.12,0
29.5,32.0,65.55,9.53,8.22,12.83,0
22.7,31.8,44.52,46.95,6.19,8.93,0
0.61,32.52,41.89,42.47,1.03,10.21,0
9.82,31.45,81.73,10.96,3.93,22.31,0
1.66,27.46,66.31,6.97,1.28,15.64,0
4.16,27.43,73.13,50.3,2.04,13.81,0
64.76,24.01,73.46,46.6,20.0,14.79,0
2.31,38.92,56.64,19.64,0.82,16.45,0
10.36,30.07,68.55,39.49,2.93,17.21,0
14.44,28.88,68.25,7.45,5.54,18.55,0
18.18,25.36,63.31,30.42,5.08,9.3,0
12.3,44.68,89.24,1.12,4.06,7.99,0
0.15,24.63,67.07,23.5,-0.76,9.55,0
5.93,27.86,76.22,4.49,1.12,2.99,0
10.94,32.08,93.73,28.51,3.05,6.21,0
1.38,33.0,91.97,25.3,-0.39,0.98,0
6.48,34.79,93.43,26.66,2.74,4.67,0
0.51,39.04,56.2,2.72,-1.2,1.93,0
1.23,32.53,42.1,21.7,0.47,4.56,0
7.59,24.72,55.66,45.39,2.41,8.02,0
2.14,28.72,56.72,22.13,-1.17,12.4,0
12.57,31.54,94.56,42.91,3.33,6.72,0
17.54,40.34,78.95,22.17,5.52,11.97,0
24.19,23.01,44.9,25.39,7.68,9.43,0
3.35,36.01,48.12,33.83,0.8,10.13,0
2.75,30.9,49.34,57.04,1.5,13.38,0
1.66,34.19,77.83,6.53,0.39,8.95,0
15.18,29.49,84.12,1.97,4.57,13.3,0
18.39,25.79,91.58,36.48,5.77,9.52,0
0.48,33.75,96.44,56.95,1.07,11.52,0
41.28,33.27,52.1,59.38,11.71,17.08,0
0.8,34.86,58.59,29.05,-0.25,20.38,0
11.69,29.93,54.42,28.08,2.84,17.4,0
18.52,27.0,61.53,38.7,5.22,15.29,0
30.72,22.21,94.88,33.34,10.64,15.46,0
18.78,34.1,74.51,38.05,6.21,19.42,0
24.27,32.12,84.29,52.44,6.15,17.4,0
6.22,25.17,69.41,44.78,1.27,20.72,0
25.3,27.31,41.73,29.81,7.96,16.4,0
1.25,27.67,43.85,27.71,-0.53,19.99,0
33.78,22.59,72.28,38.38,9.41,13.81,0
11.9,25.91,83.13,27.34,4.91,19.94,0
25.5,24.33,52.92,27.47,7.04,18.55,0
9.03,27.94,83.31,0.98,3.66,16.26,0
15.47,26.31,88.64,10.44,5.9,11.62,0
11.21,21.86,64.71,29.31,2.63,12.7,0
19.73,40.11,84.79,49.36,5.03,6.47,0
1.28,36.26,64.24,16.72,0.11,6.94,0
0.93,26.1,80.7,31.36,-0.81,12.32,0
4.26,31.36,85.84,20.7,1.4,10.52,0
2.61,32.09,99.52,6.29,0.58,18.17,0
30.81,35.96,60.72,57.5,9.6,15.25,0
3.71,25.91,64.66,51.28,2.51,13.98,0
55.86,35.46,49.94,4.71,17.58,18.04,0
6.16,27.26,52.24,43.19,2.34,19.57,0
3.02,23.32,81.6,20.85,-1.06,16.67,0
23.39,33.62,95.02,59.69,7.46,18.1,0
16.13,36.45,63.68,18.14,6.56,11.03,0
10.34,42.94,50.79,14.32,0.09,13.13,0
12.16,24.0,57.11,34.07,4.34,21.34,0
19.05,33.49,67.3,50.11,5.56,27.27,0
3.89,27.95,57.44,11.55,0.32,28.41,0
84.13,33.92,54.01,42.56,26.04,23.13,1
55.21,22.65,84.16,3.68,18.27,29.89,1
15.76,23.69,40.47,55.14,5.5,21.69,0
3.34,26.12,72.35,4.86,0.63,26.64,0
17.1,30.39,87.63,54.85,4.19,11.34,0
1.12,26.79,55.97,29.45,0.48,6.56,0
0.47,33.3,76.2,26.89,1.01,10.5,0
4.47,35.13,80.13,58.4,0.95,16.16,0
9.32,33.0,79.3,59.42,2.5,12.47,0
30.41,38.09,66.75,39.01,11.94,9.29,0
19.48,32.08,60.79,7.63,6.92,16.01,0
20.36,23.92,90.16,30.37,7.26,13.99,0
8.31,36.82,85.51,31.75,1.03,22.68,0
6.37,26.97,59.28,30.87,1.2,19.4,0
6.96,34.55,46.18,34.17,2.16,15.38,0
65.91,37.87,44.31,1.12,18.77,18.78,0
0.61,32.28,45.66,42.67,1.78,18.0,0
30.26,22.52,74.97,42.74,10.49,23.12,0
12.97,25.41,43.1,6.93,3.36,22.57,0
8.66,36.61,60.22,34.21,4.38,12.87,0
19.38,29.15,85.19,34.1,5.81,23.51,0
10.0,30.4,57.66,40.95,5.59,18.74,0
31.0,33.79,85.8,5.12,9.45,13.59,0
34.64,33.48,84.73,37.59,10.97,17.48,0
8.22,31.39,54.75,16.85,3.86,21.88,0
4.86,28.96,83.73,30.42,2.74,16.47,0
13.46,28.44,84.87,46.4,4.55,19.31,0
36.52,34.29,63.85,42.34,10.81,10.72,0
3.55,32.77,52.63,7.13,1.58,13.82,0
14.63,28.71,71.28,35.47,3.57,13.12,0
14.98,35.41,95.28,58.15,4.65,18.54,0
19.81,29.35,78.38,9.41,4.83,14.72,0
2.12,25.74,50.38,51.17,-1.15,13.29,0
18.87,26.21,80.97,42.15,5.71,15.0,0
35.96,25.11,65.63,46.44,12.05,20.91,0
2.97,28.64,75.49,16.92,1.82,18.52,0
4.07,36.17,84.04,17.27,1.14,20.47,0
53.31,25.97,70.9,54.36,17.74,20.28,0
2.99,30.94,88.84,21.59,0.33,13.94,0
28.9,26.72,83.33,3.78,6.75,22.55,0
10.17,28.7,76.9,36.04,0.87,22.17,0
4.26,22.45,49.05,7.49,0.1,15.98,0
30.69,28.9,90.16,47.8,10.02,15.93,0
8.84,29.03,96.15,38.5,2.02,13.18,0
10.85,32.7,48.22,52.48,3.72,8.58,0
6.68,31.12,69.29,47.09,3.65,12.79,0
13.48,24.01,55.53,6.73,2.94,14.84,0
2.68,35.42,85.27,22.86,1.28,16.51,0
7.44,31.05,83.3,46.47,2.77,16.34,0
52.31,30.99,48.45,25.04,14.83,15.72,0
4.48,29.95,92.62,58.34,2.7,12.51,0
16.04,27.41,50.86,44.14,4.52,15.61,0
5.9,31.09,87.84,0.93,1.39,21.11,0
22.27,32.38,67.42,52.8,8.79,16.56,0
2.1,21.27,59.7,6.05,1.15,15.16,0
52.51,27.31,49.49,8.43,16.68,13.31,0
9.07,28.73,50.06,44.07,4.08,14.34,0
4.04,31.28,79.71,51.9,0.56,10.94,0
1.15,35.97,73.03,32.18,1.59,12.63,0
2.79,26.14,47.33,17.34,0.34,5.63,0
11.0,27.51,46.76,21.08,2.76,6.92,0
6.16,27.44,44.34,20.57,1.58,9.93,0
26.48,25.99,84.63,19.6,7.32,8.05,0
8.46,28.26,82.71,14.57,3.36,15.23,0
4.29,33.85,43.51,36.53,1.55,13.51,0
14.4,24.73,73.62,54.02,3.83,10.54,0
18.4,32.14,45.08,18.42,6.2,13.37,0
2.74,21.49,94.22,11.2,0.55,11.51,0
2.75,27.19,94.43,50.31,0.5,8.85,0
0.56,28.35,81.89,44.51,0.22,11.56,0
20.0,38.37,95.57,55.85,6.46,11.55,0
16.35,28.63,88.69,9.93,5.3,12.99,0
9.65,18.99,89.71,8.66,2.53,13.89,0
27.88,20.01,74.18,32.49,9.21,22.29,0
24.57,30.17,58.36,36.87,7.15,16.74,0
13.2,33.07,53.07,28.81,3.31,15.65,0
30.41,31.88,59.63,35.94,7.65,13.3,0
3.46,30.84,77.71,10.82,2.02,9.79,0
1.78,35.81,50.36,28.78,0.55,9.15,0
4.72,27.3,55.52,39.49,1.63,14.2,0
0.88,34.47,68.08,25.96,1.31,3.99,0
11.36,21.84,53.98,40.77,2.93,8.99,0
41.38,25.48,75.32,27.07,11.04,8.5,0
0.6,20.96,95.39,20.02,0.25,17.94,0
1.95,28.63,84.89,18.22,0.89,21.71,0
9.03,29.77,79.99,24.65,2.45,15.0,0
40.74,30.57,74.96,1.39,13.7,6.45,0
5.7,30.31,69.28,40.11,-0.78,10.39,0
10.62,25.36,51.19,50.71,4.3,18.71,0
0.64,29.05,93.68,21.28,0.98,28.97,0
2.41,22.51,54.91,2.76,1.18,22.55,0
64.72,36.82,45.48,59.21,16.08,26.63,0
50.34,28.48,85.0,15.82,16.39,24.39,1
0.07,27.56,50.54,7.6,-1.0,31.17,0
45.49,37.94,62.31,22.19,13.14,31.3,0
15.29,23.79,41.7,44.31,4.42,23.56,0
30.37,24.37,48.22,17.63,9.52,14.21,0
9.1,24.52,50.39,34.48,3.37,21.79,0
10.87,29.66,43.26,24.93,4.15,13.71,0
10.07,32.16,79.4,7.07,3.84,11.17,0
16.49,33.7,90.22,19.82,5.2,6.62,0
2.26,42.86,62.4,43.49,1.09,7.55,0
0.46,18.75,92.47,36.72,-0.95,8.7,0
5.52,33.04,52.8,7.19,0.91,5.53,0
18.3,27.21,59.52,9.8,6.38,15.76,0
3.38,27.07,49.04,38.44,1.85,11.96,0
16.79,26.9,77.23,48.8,5.76,12.28,0
52.55,25.46,65.19,20.97,15.25,20.51,0
1.48,38.42,76.8,35.72,1.35,16.88,0
16.75,34.21,85.7,10.24,3.86,17.08,0
8.8,30.12,72.74,18.68,3.72,20.92,0
30.39,36.76,77.66,1.22,8.86,18.76,0
2.92,22.44,96.12,46.1,2.56,17.97,0
17.7,23.35,57.94,24.06,3.79,19.2,0
27.31,19.11,61.55,48.97,9.96,19.56,0
43.4,26.5,83.06,42.5,12.66,20.92,1
17.24,30.81,76.68,49.72,4.79,26.26,0
10.31,30.51,50.71,17.14,3.29,20.11,0
14.43,30.75,62.57,11.11,3.63,21.26,0
30.48,22.94,68.07,58.31,9.07,16.54,0
12.68,34.02,65.16,43.04,3.07,18.67,0
0.46,31.2,50.7,50.04,-0.56,16.4,0
40.09,33.67,95.47,0.79,12.51,17.16,1
17.54,20.54,85.74,21.27,4.36,15.13,0
16.93,31.56,68.88,44.57,4.31,13.99,0
3.64,24.06,80.8,4.68,-0.28,17.58,0
16.13,28.01,93.84,34.04,4.34,9.31,0
7.51,32.67,48.17,25.74,3.56,9.35,0
15.8,30.46,55.02,1.06,3.89,25.52,0
1.69,25.74,72.56,14.16,-0.22,26.91,0
16.09,30.03,87.94,17.09,5.02,29.98,0
111.63,22.34,42.18,6.71,33.12,31.08,1
0.74,35.75,99.04,37.89,2.45,33.71,0
56.7,28.97,67.29,14.54,16.85,36.88,0
7.84,35.59,61.55,16.66,2.69,32.81,0
30.69,27.37,57.56,53.89,10.15,20.09,0
22.88,27.38,50.46,28.03,7.79,24.68,0
12.56,26.18,87.49,23.53,4.0,22.92,0
20.12,34.38,97.32,43.43,5.87,19.81,0
31.62,26.45,64.82,54.58,11.51,17.7,0
7.77,33.22,97.15,1.5,2.23,17.77,0
5.94,28.09,89.43,26.89,1.34,15.68,0
16.52,20.12,68.86,36.65,4.31,22.75,0
24.74,27.15,80.44,19.11,5.7,16.54,0
21.55,24.1,66.1,46.34,7.29,19.57,0
23.98,30.17,73.52,58.29,4.85,14.02,0
8.58,24.05,43.48,56.61,2.57,18.43,0
25.54,34.63,81.78,15.96,7.46,12.64,0
1.92,29.54,43.17,13.58,2.82,8.47,0
11.8,29.11,89.03,57.45,1.71,6.76,0
0.09,33.28,89.5,27.52,-0.88,5.99,0
5.89,34.82,54.22,12.5,1.63,4.86,0
6.85,29.9,59.42,42.42,1.86,8.32,0
7.57,26.14,68.88,17.07,1.72,7.02,0
17.83,21.13,75.8,16.03,5.27,9.03,0
7.38,26.57,57.24,52.75,0.95,11.87,0
8.93,26.91,75.55,9.75,3.04,7.83,0
4.07,30.54,57.87,3.86,-1.1,2.69,0
7.01,28.27,43.33,16.15,2.08,6.13,0
3.87,33.44,40.15,36.42,0.56,10.31,0
1.14,26.94,46.07,7.39,1.36,8.54,0
13.87,29.71,87.54,28.3,5.92,12.53,0
16.55,35.92,97.69,37.64,4.63,10.4,0
14.49,31.71,65.62,50.92,5.74,9.53,0
9.34,29.7,70.76,13.79,2.49,14.83,0
7.17,26.99,48.81,49.04,1.18,14.62,0
29.85,26.83,73.06,14.09,10.7,13.88,0
10.98,25.75,48.68,40.61,3.82,14.18,0
9.79,27.29,76.67,25.84,2.94,12.05,0
0.39,33.78,96.0,6.88,0.8,11.18,0
6.26,28.89,51.74,42.86,2.15,9.24,0
7.18,23.25,85.87,13.07,2.08,7.62,0
7.63,38.84,41.41,10.6,0.96,5.64,0
13.02,31.6,62.53,21.5,3.64,11.7,0
11.44,22.97,46.64,39.2,4.06,15.04,0
14.04,27.79,61.15,14.04,4.09,13.59,0
21.72,30.55,50.41,11.02,7.42,24.23,0
25.15,38.52,62.4,0.6,7.93,21.77,0
18.99,24.46,65.05,28.3,4.82,15.85,0
46.69,34.88,58.04,25.72,12.69,19.33,0
0.28,37.0,79.4,14.03,-0.07,15.12,0
3.27,26.86,95.13,3.22,0.46,15.48,0
0.11,28.61,64.04,25.76,0.37,17.08,0
15.64,24.82,51.54,47.29,3.97,13.75,0
34.25,28.98,56.24,42.92,9.66,17.75,0
4.19,29.82,91.24,51.65,2.31,17.62,0
39.27,33.3,74.3,0.57,11.93,16.77,0
0.93,35.45,67.3,57.99,-0.42,17.67,0
40.87,26.26,48.98,20.48,12.28,16.34,0
6.5,20.16,66.98,59.42,3.33,12.95,0
1.6,29.89,56.71,15.16,0.78,7.25,0
9.98,31.47,96.59,28.29,3.59,11.02,0
4.45,31.25,93.04,21.24,0.58,5.28,0
5.03,28.37,45.03,21.35,2.54,9.55,0
5.51,30.62,71.0,50.54,3.97,8.83,0
24.37,37.58,53.5,44.79,6.52,11.09,0
11.62,31.91,64.65,59.53,2.3,9.4,0
5.59,28.13,92.61,36.81,1.85,14.72,0
14.14,27.5,71.65,27.8,5.12,12.12,0
18.89,29.15,60.05,5.4,5.58,10.81,0
4.77,38.18,52.47,59.79,0.38,9.97,0
8.0,29.08,88.02,33.09,2.29,7.38,0
1.95,29.9,77.47,42.03,1.18,9.87,0
3.0,27.59,68.08,24.4,0.49,4.16,0
17.14,35.49,53.05,32.86,5.75,6.23,0
3.0,39.8,60.05,56.55,2.07,12.0,0
11.17,32.25,97.59,9.99,3.59,11.81,0
18.52,30.41,71.21,17.54,5.53,13.94,0
1.7,30.18,64.04,9.12,1.34,13.66,0
12.57,18.08,71.29,47.53,2.91,15.6,0
4.45,33.73,86.74,3.72,0.38,18.36,0
49.42,30.67,60.41,4.9,14.56,16.35,0
9.91,32.14,50.72,17.91,2.48,14.74,0
24.6,26.44,75.1,30.85,6.58,14.79,0
11.99,28.08,79.91,24.38,5.43,22.85,0
0.67,27.94,82.76,2.69,2.37,15.2,0
15.04,35.11,92.92,57.45,4.16,17.4,0
45.36,28.11,62.27,57.17,13.7,21.48,0
13.8,40.41,44.52,16.76,3.95,19.35,0
25.65,32.15,97.5,43.89,8.8,21.83,0
32.34,23.62,66.1,34.71,11.01,18.98,0
3.88,29.36,77.4,14.25,-0.61,13.32,0
3.57,26.74,79.98,15.73,1.55,17.28,0
14.16,19.03,72.79,29.47,2.94,16.08,0
7.94,38.0,52.32,25.15,4.14,12.7,0
27.48,33.52,85.31,17.47,8.68,12.8,0
34.54,32.67,88.23,48.45,9.54,16.36,0
6.54,30.83,73.18,28.89,1.72,18.99,0
4.05,23.09,69.31,39.29,0.93,15.26,0
22.75,27.58,46.84,11.36,7.35,17.86,0
4.82,34.21,45.04,32.01,2.49,14.17,0
25.94,24.74,60.37,19.08,6.63,15.11,0
8.27,17.34,58.65,31.58,4.32,19.77,0
16.52,28.86,97.22,46.85,6.56,14.4,0
1.51,29.29,87.02,46.13,-0.42,14.59,0
14.67,30.68,79.6,21.25,4.47,6.8,0
9.02,33.64,71.06,41.66,4.42,8.73,0
13.25,33.19,50.04,56.48,5.21,13.72,0
2.76,31.29,98.71,37.54,0.49,9.91,0
20.03,35.98,62.5,8.9,6.82,12.66,0
29.79,22.41,46.42,40.78,11.94,5.92,0
3.66,32.52,69.63,6.29,1.2,12.81,0
1.51,33.13,92.44,52.33,-0.18,11.47,0
0.36,23.8,93.24,31.0,0.28,11.2,0
15.41,22.49,40.66,23.11,4.87,5.76,0
14.01,26.27,93.18,3.42,3.68,4.0,0
11.87,26.69,56.29,22.85,4.0,11.98,0
3.96,33.77,42.34,54.19,-0.07,13.6,0
7.44,26.93,90.87,1.26,1.57,17.47,0
13.54,25.72,91.83,28.48,4.82,17.81,0
10.3,26.94,75.77,55.87,1.34,16.55,0
66.08,35.59,74.47,23.69,20.73,18.45,0
2.2,30.07,88.79,25.69,-1.35,19.53,0
17.82,29.1,87.18,34.71,3.61,19.9,0
7.77,29.45,93.41,27.78,1.83,22.53,0
8.38,36.46,73.16,10.12,2.8,21.6,0
18.97,26.25,98.06,1.11,7.02,20.6,0
17.69,36.58,99.77,36.59,5.36,16.71,0
71.09,31.05,46.99,55.25,21.08,18.92,0
2.06,29.2,90.97,6.38,1.2,22.15,0
1.65,42.5,69.99,12.66,-0.38,15.51,0
19.33,24.72,63.25,22.21,5.94,18.37,0
12.96,28.23,76.78,48.52,2.69,5.64,0
4.81,23.84,43.36,16.16,1.52,9.08,0
1.24,34.76,70.39,52.92,0.24,8.74,0
1.34,38.45,92.25,3.3,-0.4,10.36,0
33.69,38.35,52.81,56.46,10.27,7.68,0
3.2,36.12,65.58,33.64,1.12,11.14,0
5.86,29.01,96.37,39.53,2.93,5.42,0
3.86,28.17,65.71,22.06,-0.45,8.16,0
6.58,21.64,61.5,46.92,1.9,4.47,0
1.08,40.18,66.43,9.99,-0.44,6.15,0
10.98,32.34,71.17,2.93,4.16,7.4,0
1.05,27.54,77.92,23.73,1.07,9.14,0
24.17,36.64,88.04,51.22,7.76,13.07,0
3.99,25.14,67.13,45.3,0.49,17.22,0
11.65,32.03,89.05,31.03,4.38,11.66,0
31.81,29.14,72.02,34.33,8.01,15.63,0
15.78,33.19,60.31,7.79,3.0,11.08,0
11.42,29.68,79.48,50.44,2.15,15.04,0
5.88,22.75,83.06,47.22,1.73,24.39,0
6.07,30.38,73.48,39.39,2.5,19.33,0
16.61,35.24,43.4,27.97,2.01,18.99,0
77.09,29.85,50.19,57.87,24.45,23.0,0
16.26,33.88,57.12,52.74,5.01,22.52,0
12.24,24.77,56.96,38.67,2.1,21.3,0
19.68,29.87,80.41,22.31,6.0,22.46,0
9.39,26.88,41.1,37.08,3.91,18.36,0
0.93,33.73,85.34,34.53,0.88,13.93,0
12.39,30.16,55.92,23.65,4.82,14.05,0
47.42,33.45,58.6,18.4,12.86,10.9,0
2.89,35.44,71.67,24.42,0.45,13.79,0
17.57,33.46,52.96,34.43,4.35,10.96,0
3.36,31.37,93.07,25.69,2.73,13.52,0
11.51,25.01,45.12,15.81,4.09,12.01,0
1.53,29.99,66.66,45.66,3.3,9.37,0
8.98,27.33,90.97,31.89,2.23,8.84,0
21.17,28.28,76.95,4.06,5.63,16.82,0
6.41,28.13,57.54,22.1,1.78,19.82,0
16.4,25.1,65.25,53.09,6.3,15.62,0
23.8,20.21,82.4,45.31,6.78,17.24,0
39.3,26.66,98.4,19.39,11.91,14.95,0
4.01,30.97,93.59,56.29,1.3,24.26,0
7.65,23.26,60.55,4.6,2.33,30.75,0
2.48,30.08,99.89,57.67,0.09,25.56,0
73.36,39.5,40.21,14.74,21.87,24.2,0
39.26,35.12,41.66,0.55,11.6,26.11,0
11.65,38.22,89.43,26.03,3.49,28.11,0
27.68,31.96,51.97,21.54,9.25,27.45,0
11.04,35.84,43.65,32.35,5.07,19.19,0
14.66,26.38,54.23,47.81,3.56,9.68,0
1.4,26.78,65.57,50.55,0.03,13.91,0
21.11,16.3,83.83,24.07,5.51,15.83,0
2.05,35.93,77.46,25.79,0.8,15.76,0
26.24,37.7,54.26,8.89,7.33,14.9,0
22.85,27.23,70.2,2.85,7.1,17.59,0
18.5,28.73,95.57,38.47,6.65,9.1,0
0.55,26.23,88.9,3.87,-2.36,14.4,0
5.42,31.91,59.39,44.03,2.12,7.91,0
4.58,35.62,98.94,32.35,0.91,13.1,0
6.7,21.29,82.52,11.91,2.47,10.23,0
1.38,32.05,43.75,32.37,-0.48,15.27,0
41.46,28.62,42.11,10.98,13.63,11.58,0
12.1,30.57,50.1,26.32,4.54,10.66,0
5.47,32.29,83.67,47.97,2.21,13.79,0
7.59,29.06,51.02,27.72,3.07,14.96,0
8.89,29.48,70.69,8.92,1.92,16.06,0
13.77,28.93,45.6,43.43,3.51,14.42,0
10.88,34.85,95.25,11.21,4.01,28.08,0
37.77,32.09,60.64,44.31,10.56,25.91,0
10.31,31.1,94.49,28.76,4.54,25.17,0
72.72,23.65,96.69,27.22,21.49,27.91,1
28.6,28.11,40.37,51.09,9.08,28.0,0
3.51,34.49,67.85,42.52,3.15,26.54,0
40.02,30.19,41.48,1.97,11.3,26.19,0
1.86,33.3,94.52,17.77,0.63,19.88,0
25.51,38.83,71.1,52.26,8.71,18.78,0
7.19,35.19,44.5,1.1,3.11,21.25,0
31.55,30.47,46.62,32.72,9.14,19.89,0
30.38,27.45,63.01,43.67,8.6,23.44,0
24.59,17.23,96.41,37.31,7.14,20.41,0
23.41,29.16,81.57,45.63,8.47,17.62,0
5.45,28.37,92.06,43.54,1.36,11.79,0
1.27,31.95,61.99,41.52,0.46,11.71,0
7.74,29.23,42.59,49.29,1.89,13.46,0
2.86,28.4,98.46,38.74,1.56,15.88,0
17.81,21.1,41.03,24.15,5.5,16.4,0
6.37,25.3,96.86,28.31,0.91,20.75,0
55.7,32.38,62.12,43.0,15.74,21.11,0
15.37,38.58,40.61,52.58,2.61,19.55,0
25.93,29.51,81.35,16.33,6.95,24.02,0
2.13,31.64,98.83,20.52,1.43,24.27,0
29.71,34.76,97.94,55.84,10.24,20.54,0
38.41,25.95,49.66,34.71,12.21,20.59,0
10.01,31.83,50.87,10.74,3.56,18.49,0
13.98,26.3,73.93,39.82,4.07,17.16,0
21.71,34.32,78.24,59.45,7.29,17.76,0
2.88,30.76,84.37,49.41,1.15,9.73,0
10.47,31.49,50.86,44.74,4.95,10.81,0
7.63,26.09,97.54,12.48,2.19,9.96,0
2.37,33.54,78.32,52.57,2.06,6.76,0
6.87,40.42,90.82,31.55,2.94,5.15,0
1.06,24.96,72.4,53.36,1.05,11.64,0
0.39,28.3,64.86,19.79,-1.89,14.1,0
2.18,31.16,98.63,3.72,1.58,18.54,0
49.5,33.93,74.93,28.56,14.72,16.29,0
11.96,27.2,92.01,16.19,3.14,19.56,0
50.64,15.83,97.2,42.91,13.71,19.78,1
8.5,36.8,80.52,57.43,2.54,16.09,0
5.61,33.8,72.94,41.46,1.72,14.87,0
10.58,21.29,40.21,53.22,1.87,14.67,0
8.68,26.96,42.4,27.18,1.13,10.04,0
1.68,37.84,52.05,46.3,0.99,7.08,0
15.36,37.24,51.16,50.58,5.48,7.02,0
3.65,34.69,55.29,42.65,1.29,9.21,0
14.5,29.12,58.3,30.47,5.5,8.53,0
15.76,30.41,61.6,37.55,4.64,10.97,0
2.47,29.35,65.23,42.03,0.69,9.95,0
0.95,35.64,45.93,15.19,-0.63,7.37,0
22.76,25.62,42.54,48.57,5.27,18.46,0
9.24,25.97,80.44,57.02,4.63,15.92,0
0.9,35.05,72.24,27.91,1.4,20.95,0
79.08,29.78,66.65,42.06,22.33,28.25,0
0.89,36.89,78.07,44.22,0.42,24.27,0
17.81,26.64,89.66,39.73,5.24,27.28,0
61.73,29.73,65.66,32.83,18.24,23.44,0
4.1,25.39,78.47,52.9,0.82,14.57,0
2.3,30.04,97.21,26.94,1.07,13.22,0
1.94,22.61,90.38,3.67,1.4,16.8,0
5.42,27.56,65.56,50.67,2.03,5.03,0
1.6,22.82,78.68,40.44,0.36,6.03,0
17.67,33.47,50.62,50.96,5.14,17.43,0
0.96,33.58,73.63,8.31,1.23,21.43,0
10.68,21.35,98.88,1.85,3.67,24.71,0
85.69,36.67,71.1,56.06,25.78,24.56,1
25.23,42.49,95.66,8.86,7.53,22.49,0
14.33,30.23,64.44,48.58,4.64,27.3,0
5.48,26.79,99.93,49.39,1.18,25.31,0
14.67,44.12,74.75,42.52,5.22,10.75,0
11.23,23.41,42.54,7.88,2.29,9.92,0
8.33,30.1,75.21,40.04,2.09,11.09,0
2.1,30.9,56.47,53.35,1.24,12.43,0
32.65,36.73,41.95,25.53,8.66,11.68,0
8.96,31.8,89.25,24.81,1.12,12.75,0
3.25,27.51,56.54,26.57,1.04,10.41,0
6.88,25.24,87.79,4.94,0.37,14.26,0
8.02,28.29,57.29,53.52,1.11,11.26,0
26.36,24.97,51.66,52.15,8.67,9.68,0
19.84,30.24,98.44,59.87,5.75,11.79,0
22.0,27.18,61.7,35.11,7.89,14.21,0
0.17,22.53,76.08,45.07,-1.15,13.91,0
8.07,36.28,76.6,12.16,2.33,7.35,0
9.85,27.51,73.63,40.05,3.35,7.85,0
0.29,23.66,94.88,38.98,-1.08,3.09,0
4.51,29.16,80.47,54.07,2.39,8.69,0
21.42,30.34,64.22,49.85,6.94,6.17,0
2.21,21.27,91.74,56.31,-0.95,9.58,0
11.5,31.66,50.86,52.13,3.41,7.62,0
3.63,24.76,72.65,52.12,1.48,13.79,0
0.18,38.56,97.03,3.82,-0.54,13.26,0
4.14,32.62,77.52,50.76,-0.24,18.11,0
55.87,28.0,89.02,36.45,17.04,18.16,1
24.26,26.27,79.21,22.83,9.49,19.38,0
48.13,29.48,90.36,3.39,14.05,20.9,1
10.04,33.06,96.67,40.66,4.58,21.01,0
1.74,29.87,56.38,19.69,-0.23,19.76,0
11.91,28.91,50.18,28.07,3.79,16.79,0
9.09,30.29,69.04,40.9,3.5,9.41,0
27.9,26.98,82.11,54.71,8.36,13.11,0
1.55,28.28,53.63,49.53,0.17,6.34,0
10.05,19.57,40.25,27.04,3.74,11.11,0
2.44,34.87,60.58,23.27,2.62,10.65,0
5.89,31.49,98.13,14.39,2.07,7.0,0
20.05,26.13,81.7,22.35,5.5,7.56,0
9.69,39.49,64.08,6.66,2.72,8.83,0
7.07,30.44,51.55,58.27,4.64,11.34,0
7.52,24.82,61.37,34.44,2.39,14.93,0
9.23,34.28,50.19,7.67,2.17,16.92,0
23.06,31.99,46.38,21.17,5.77,18.21,0
33.4,31.97,94.4,32.82,8.19,20.67,0
46.63,27.87,99.86,31.97,14.35,21.86,1
23.19,32.25,49.85,2.13,7.61,22.19,0
5.68,28.69,43.27,57.05,1.31,19.7,0
17.48,32.78,59.78,16.52,5.23,18.04,0
8.63,20.48,67.7,0.97,1.42,12.08,0
4.41,27.83,52.29,4.59,1.46,12.46,0
27.57,38.61,58.09,34.81,8.75,17.73,0
0.59,26.16,52.05,8.27,-0.36,12.76,0
34.81,26.98,86.46,2.5,12.13,14.69,0
9.28,27.76,82.75,22.78,1.95,18.19,0
15.21,23.93,78.1,37.37,4.85,16.38,0
16.15,18.96,63.23,6.71,5.69,19.87,0
33.82,28.85,94.54,18.8,10.07,14.79,0
15.19,30.68,98.17,25.07,4.37,14.32,0
14.28,29.74,50.42,9.57,2.85,12.84,0
1.03,29.28,53.38,30.36,1.67,12.53,0
10.96,30.22,71.54,5.11,3.12,11.48,0
2.44,35.11,45.48,2.79,1.27,15.06,0
20.06,29.05,66.19,31.19,6.69,7.25,0
10.77,27.13,74.91,14.87,2.6,9.83,0
17.1,28.59,71.32,5.72,4.93,10.27,0
0.64,32.9,59.85,25.43,1.53,11.33,0
1.33,37.06,72.55,54.91,-0.72,8.67,0
18.9,26.86,97.53,43.45,7.8,6.18,0
1.12,30.49,52.36,48.94,-0.41,9.96,0
1.11,31.69,79.29,52.31,-0.85,11.95,0
0.18,25.04,42.6,58.36,0.19,12.03,0
47.03,30.1,43.98,45.79,16.32,11.42,0
20.06,22.67,73.11,36.5,4.11,9.81,0
6.54,21.15,46.3,21.93,1.82,14.23,0
5.28,31.83,41.34,10.9,2.06,19.92,0
6.45,28.08,50.29,41.2,1.97,11.63,0
22.35,31.01,73.89,59.7,7.09,10.76,0
16.24,29.91,82.2,28.04,4.15,11.2,0
3.07,25.12,52.15,43.42,0.32,9.47,0
2.87,29.77,80.1,29.71,0.71,12.41,0
1.55,23.83,50.95,25.92,-0.66,8.86,0
16.2,36.95,76.81,24.62,4.81,5.56,0
21.68,23.22,64.72,30.28,6.12,5.03,0
4.62,29.02,79.23,22.01,0.92,15.57,0
0.32,24.79,99.7,44.93,0.42,14.83,0
1.29,32.85,96.27,52.46,-1.43,18.94,0
51.56,28.34,40.26,52.97,15.24,16.19,0
5.25,27.41,93.13,13.66,3.89,13.16,0
21.99,34.27,43.99,53.75,5.51,16.75,0
14.7,30.15,97.18,20.49,5.7,14.55,0
7.22,32.58,56.91,18.56,2.22,12.27,0
3.45,25.09,62.92,43.61,0.43,11.31,0
1.94,22.98,45.5,18.28,-0.74,9.25,0
14.32,30.54,46.74,3.18,4.44,9.28,0
22.35,28.41,83.6,22.42,8.16,8.44,0
15.49,33.13,96.66,43.29,4.26,15.17,0
11.33,29.6,76.64,19.62,3.32,18.86,0
0.64,31.03,82.95,37.77,1.2,20.42,0
51.86,21.88,85.72,39.61,15.9,27.48,1
24.05,39.44,55.77,44.02,5.64,20.99,0
5.2,29.18,42.71,53.83,1.66,26.43,0
58.66,33.49,40.11,25.95,19.11,25.81,0
13.82,25.82,61.04,9.99,4.11,23.63,0
13.1,31.54,54.49,19.14,1.19,18.48,0
20.68,23.49,43.74,25.93,6.59,22.39,0
25.05,32.26,50.77,42.83,7.32,9.84,0
16.03,28.22,47.47,0.79,2.98,18.14,0
2.06,30.15,94.89,18.95,-1.06,16.7,0
6.19,33.49,48.42,46.79,2.83,14.61,0
39.48,23.84,72.26,40.25,11.11,10.39,0
3.82,26.58,75.59,43.9,0.24,11.91,0
6.98,32.29,72.61,48.71,2.06,13.34,0
8.49,40.49,45.94,46.99,1.9,17.39,0
8.68,29.31,59.13,40.93,2.7,14.1,0
14.24,32.96,43.08,26.38,4.07,12.3,0
42.99,29.47,63.74,59.02,11.7,13.02,0
4.13,39.71,51.32,34.14,0.73,15.17,0
1.94,21.26,73.7,12.17,1.03,16.84,0
3.3,30.47,81.57,17.57,1.03,16.25,0
32.7,21.87,71.93,41.61,9.73,11.79,0
15.57,17.47,66.05,55.48,6.61,13.76,0
5.05,31.49,63.24,10.72,2.25,20.52,0
25.39,30.7,90.5,4.94,8.47,27.26,0
29.64,28.58,53.16,52.89,8.73,21.43,0
28.11,29.47,84.05,54.92,8.65,22.26,0
37.69,45.49,85.45,16.58,10.87,22.14,0
4.36,28.71,65.15,22.64,2.09,24.03,0
21.1,32.55,57.84,39.61,6.22,20.74,0
9.26,26.75,68.23,19.8,3.0,19.39,0
27.68,31.48,45.59,52.63,8.46,19.42,0
19.56,28.81,42.76,6.45,5.85,15.94,0
22.47,27.95,46.7,2.28,9.68,17.45,0
16.01,39.09,51.23,12.51,4.14,25.52,0
2.93,35.89,70.25,17.17,0.2,26.42,0
11.81,30.68,90.95,6.78,4.24,20.09,0
62.67,18.48,54.14,3.94,18.21,19.82,0
41.56,28.19,96.11,45.34,12.18,17.38,1
0.66,43.52,97.29,9.86,-0.89,19.14,0
2.7,28.85,97.53,54.84,1.3,22.38,0
2.12,35.52,90.25,22.08,1.14,15.2,0
19.42,37.21,61.83,40.24,5.51,8.31,0
25.54,31.09,44.36,13.52,8.38,12.73,0
3.6,25.79,74.13,14.42,-0.78,15.03,0
10.57,17.82,73.52,34.48,2.47,19.21,0
27.55,33.42,91.0,33.64,8.1,15.51,0
19.8,25.93,99.76,46.12,4.77,11.43,0
11.72,30.88,70.49,45.47,1.77,10.99,0
13.39,23.75,60.71,40.24,3.71,15.14,0
10.65,28.67,51.15,26.95,3.89,11.46,0
5.3,30.17,40.29,53.44,2.87,15.92,0
12.49,31.34,70.55,37.35,3.2,12.41,0
17.51,24.43,73.33,59.41,5.99,15.15,0
30.99,35.98,89.5,49.16,9.93,12.42,0
15.17,27.02,70.27,2.66,5.77,16.52,0
21.48,21.63,94.99,19.24,6.09,15.18,0
2.62,29.45,77.69,34.31,-1.01,12.67,0
9.29,30.17,90.42,43.29,2.86,8.17,0
0.14,30.8,48.9,33.02,-0.97,16.98,0
4.25,36.81,91.32,47.17,0.55,16.09,0
19.44,28.82,80.51,16.96,5.53,12.98,0
72.07,29.4,50.21,11.03,21.28,17.99,0
1.57,24.48,51.39,3.24,0.61,21.98,0
7.7,34.1,95.59,34.4,3.01,19.71,0
24.15,30.92,41.93,41.32,6.88,17.15,0
3.42,27.9,67.75,19.57,1.42,10.66,0
12.15,20.48,58.81,36.82,3.66,10.84,0
19.81,37.22,79.9,3.13,6.88,16.22,0
14.36,23.86,90.38,5.96,4.12,15.11,0
3.12,27.04,61.62,42.11,0.86,14.48,0
6.59,31.79,65.61,22.08,1.6,10.61,0
22.97,24.02,98.92,40.28,6.73,13.93,0
12.12,22.53,87.03,49.9,2.85,7.29,0
0.08,19.38,93.83,51.16,-0.86,14.2,0
21.47,33.6,66.33,10.33,7.22,13.44,0
0.54,27.27,54.04,29.18,-0.92,14.8,0
20.54,44.64,64.71,44.04,5.84,16.63,0
3.39,25.03,82.97,46.44,2.03,14.3,0
47.58,25.39,46.57,47.08,13.92,9.94,0
6.88,27.17,56.23,13.69,2.89,15.13,0
5.94,31.22,42.8,11.55,1.19,14.55,0
2.42,27.65,65.94,35.4,-0.33,27.46,0
5.47,33.06,89.65,44.47,0.05,24.09,0
31.39,25.11,41.48,19.15,10.73,19.29,0
84.13,23.09,80.52,6.28,24.1,22.35,1
6.89,21.01,95.95,43.0,2.81,30.08,0
8.93,18.88,54.22,17.98,1.68,29.43,0
19.21,27.41,81.62,9.98,7.08,23.27,0
32.6,28.5,98.51,8.86,11.99,11.88,0
13.49,26.84,97.74,18.89,2.36,14.3,0
7.45,36.22,54.1,35.56,1.15,12.61,0
7.98,36.14,46.02,21.5,3.17,13.89,0
17.84,28.33,48.9,1.24,5.87,9.86,0
0.05,21.03,82.12,5.81,0.79,11.72,0
14.5,27.17,83.55,17.43,3.78,8.62,0
6.59,27.0,80.45,39.58,3.96,10.92,0
23.71,26.71,60.16,5.91,7.23,5.81,0
1.46,26.51,50.19,33.64,-0.78,12.41,0
13.31,26.73,74.85,7.19,3.74,12.54,0
9.84,28.07,69.02,12.7,1.75,8.26,0
15.42,26.82,83.73,10.33,6.22,10.45,0
1.01,31.04,66.48,4.03,-0.36,9.82,0
13.01,31.8,60.32,40.28,4.4,12.73,0
12.37,25.45,57.61,27.8,3.24,12.45,0
12.34,36.36,52.69,49.86,3.09,14.24,0
13.88,25.1,55.94,5.93,2.25,14.09,0
16.93,21.91,45.69,8.68,5.68,18.5,0
24.52,31.9,60.81,18.39,8.66,16.25,0
4.72,25.91,42.19,45.95,0.5,12.55,0
26.15,31.61,51.18,18.35,6.3,12.31,0
10.34,17.98,84.81,24.51,3.91,9.83,0
1.2,36.96,59.53,18.1,-1.29,10.68,0
0.91,33.36,80.09,4.81,1.49,11.48,0
6.1,22.5,83.01,56.37,0.93,10.56,0
23.05,22.61,74.87,32.91,5.81,12.39,0
18.45,38.36,97.52,47.27,5.78,13.17,0
23.31,26.31,41.29,39.5,5.96,15.4,0
10.92,25.83,84.32,30.86,2.57,12.43,0
8.7,18.67,97.53,5.38,2.96,7.22,0
2.39,28.25,91.74,38.56,-1.71,8.02,0
5.97,28.86,50.07,9.32,3.43,2.7,0
8.54,33.58,59.61,24.86,2.61,7.18,0
1.39,23.0,50.35,37.75,-0.88,4.6,0
3.74,22.4,76.08,46.93,0.1,19.36,0
13.68,32.25,82.73,41.1,5.1,25.55,0
19.96,35.03,59.02,40.29,6.59,30.35,0
96.08,22.14,72.37,8.94,30.21,26.09,1
40.57,35.41,81.46,20.77,11.49,29.89,0
15.43,30.19,65.28,2.57,4.93,32.38,0
8.2,35.46,91.24,43.17,2.89,31.6,0
15.17,29.65,86.29,57.16,5.25,17.6,0
23.1,17.39,43.88,15.85,8.06,16.36,0
1.89,29.24,77.27,5.26,-0.15,14.73,0
7.91,35.3,54.12,28.53,2.26,11.23,0
27.47,25.53,73.45,51.4,7.63,14.1,0
7.26,28.06,97.41,33.12,2.13,12.21,0
12.73,29.12,92.74,2.81,4.52,9.3,0
13.29,15.5,64.27,58.46,2.33,9.79,0
3.06,38.36,57.49,49.72,2.03,5.48,0
6.75,25.49,54.06,7.9,0.88,7.64,0
6.11,32.53,71.95,55.31,1.53,7.96,0
0.4,29.57,46.85,27.04,1.36,6.24,0
0.37,36.29,72.96,22.31,0.44,5.45,0
26.73,32.03,40.08,27.66,8.36,7.67,0
4.78,28.83,59.43,50.07,0.25,11.85,0
10.95,25.53,53.2,39.57,2.24,14.06,0
5.32,33.99,98.27,3.55,2.54,12.44,0
42.37,20.63,83.63,57.46,12.12,15.68,1
4.5,33.23,60.98,8.87,0.86,17.72,0
8.42,24.5,45.57,44.73,3.49,14.97,0
30.92,36.26,71.01,38.17,8.23,17.53,0
27.67,30.81,52.81,11.25,8.57,13.09,0
3.09,33.22,72.19,10.24,0.97,15.81,0
24.34,30.41,90.12,52.22,7.3,15.56,0
9.19,21.24,76.95,25.18,2.24,11.63,0
9.89,25.7,78.03,39.27,2.39,10.54,0
2.15,33.36,72.46,30.24,-0.43,9.43,0
1.26,30.83,95.64,43.64,0.86,10.82,0
19.53,35.9,95.91,28.75,5.19,9.31,0
10.29,32.02,70.76,17.24,4.06,12.79,0
8.61,25.17,58.35,21.8,2.36,11.62,0
19.61,26.02,67.58,51.54,4.83,14.54,0
21.76,30.51,51.19,28.08,6.29,10.88,0
2.6,18.43,78.18,12.81,0.37,13.61,0
14.13,38.37,70.01,56.08,5.25,13.87,0
2.18,32.21,46.2,47.8,0.29,19.44,0
20.88,36.14,51.86,3.34,5.99,13.22,0
16.05,22.1,68.78,59.94,6.23,11.07,0
47.06,36.22,93.26,41.7,14.63,11.35,1
1.07,41.16,73.98,9.62,1.98,15.78,0
0.88,23.4,80.89,14.23,1.52,10.95,0
4.97,33.86,60.34,41.55,0.6,14.23,0
4.55,30.01,74.28,46.79,2.36,5.83,0
4.25,22.28,66.84,14.34,2.8,8.59,0
35.51,32.46,79.55,15.42,12.19,9.34,0
4.31,34.17,43.03,18.43,2.28,10.21,0
4.76,26.99,69.6,35.88,2.4,13.72,0
21.37,35.83,57.76,10.31,6.11,14.95,0
8.96,21.67,59.57,6.25,1.85,11.52,0
22.49,22.53,97.66,40.73,6.39,11.03,0
1.01,30.68,50.96,46.75,-1.36,6.16,0
10.03,30.13,58.67,30.06,4.35,11.35,0
0.51,26.42,70.59,21.83,-0.13,10.01,0
0.97,34.05,91.78,25.92,1.58,5.75,0
35.54,32.65,65.0,23.3,9.43,9.84,0
2.25,34.29,84.63,57.6,1.76,8.79,0
11.4,29.38,91.38,46.09,2.93,15.17,0
7.94,33.01,58.6,12.49,1.1,14.22,0
6.4,27.77,63.57,23.05,3.55,10.21,0
34.51,40.27,61.39,32.64,11.46,19.93,0
0.33,25.94,89.97,36.78,0.31,13.77,0
16.35,40.53,42.66,28.09,4.94,22.87,0
49.61,30.17,58.51,48.61,15.32,18.67,0
12.32,23.12,80.76,46.06,3.89,16.6,0
41.43,36.84,73.93,30.31,11.64,20.07,0
0.81,30.63,66.18,51.27,-0.17,16.95,0
8.14,34.26,72.4,45.07,4.4,18.09,0
4.52,36.12,51.86,46.71,4.03,24.58,0
19.69,31.69,65.84,57.38,7.47,13.45,0
59.69,27.04,70.1,15.99,18.38,19.83,0
4.45,34.88,94.07,16.06,1.0,16.81,0
15.93,30.0,55.65,53.34,3.98,16.79,0
3.31,33.43,92.07,46.33,0.26,23.83,0
12.5,19.23,78.65,55.59,3.2,18.85,0
9.35,32.23,41.22,3.79,4.96,14.17,0
53.64,26.81,83.48,37.67,17.9,13.43,1
14.07,38.27,42.13,8.68,4.97,16.02,0
6.45,33.12,99.84,30.23,0.97,13.66,0
1.82,31.2,92.36,9.34,1.44,14.57,0
2.46,32.43,57.84,7.68,0.5,9.81,0
3.83,25.01,55.44,0.73,-1.0,12.15,0
4.33,38.12,62.89,37.81,1.59,9.56,0
28.52,39.96,61.37,21.54,7.71,9.65,0
12.36,31.96,62.34,6.31,2.9,13.71,0
11.12,37.95,59.1,19.37,3.08,14.99,0
1.83,27.15,77.27,10.14,0.05,16.5,0
29.51,26.01,49.86,56.5,8.82,13.84,0
19.25,30.2,90.76,19.2,5.69,14.86,0
1.05,32.17,88.74,20.04,-1.56,13.76,0
18.46,28.03,68.59,50.39,7.06,13.79,0
11.76,32.69,91.16,38.87,2.55,11.14,0
1.28,31.53,54.83,42.61,-0.57,5.75,0
9.2,25.01,41.05,38.16,2.43,12.76,0
9.94,32.59,77.15,56.77,2.88,16.98,0
2.72,34.32,67.47,12.42,2.27,18.83,0
43.7,30.86,74.03,59.34,13.38,13.25,0
28.45,35.76,93.96,49.86,9.1,15.82,0
16.59,23.91,98.2,35.34,5.25,17.83,0
9.31,32.34,78.07,39.74,3.02,17.33,0
7.96,24.15,85.84,38.93,2.7,11.34,0
15.79,24.43,45.03,3.5,2.8,11.41,0
11.83,26.85,49.64,13.08,3.3,14.77,0
0.96,25.29,83.99,57.69,1.45,7.53,0
10.78,27.26,65.88,32.06,7.18,10.23,0
24.63,28.93,66.76,22.7,6.18,12.55,0
9.22,34.19,58.52,45.72,3.19,11.98,0
0.8,28.39,76.44,31.47,-0.33,11.56,0
23.15,22.07,51.11,0.79,8.99,13.29,0
3.37,35.7,77.61,44.17,-0.34,7.16,0
4.49,25.81,50.43,43.93,1.97,11.44,0
2.7,29.71,43.83,9.91,-0.6,8.98,0
6.01,32.23,59.82,57.4,1.49,7.57,0
21.21,31.0,53.87,13.43,6.33,9.06,0
10.99,35.47,93.34,27.46,4.37,17.18,0
3.44,32.4,43.3,6.88,-0.05,19.13,0
31.54,25.69,50.6,36.2,10.12,19.81,0
31.75,40.89,72.92,22.53,9.54,16.73,0
30.67,30.97,68.86,21.19,9.47,25.96,0
4.09,29.26,42.75,49.62,2.19,28.25,0
9.0,34.82,40.44,0.57,1.42,21.02,0
62.99,31.25,99.28,47.88,19.71,16.75,1
22.18,32.0,79.53,34.29,6.08,15.52,0
0.41,42.46,61.92,59.17,1.22,21.45,0
1.01,28.62,68.23,35.37,0.64,24.23,0
9.35,28.41,55.99,3.32,2.6,13.59,0
35.99,30.58,60.69,3.04,10.21,12.07,0
11.61,35.36,78.94,52.99,4.3,9.06,0
10.33,22.47,92.97,50.47,4.36,19.87,0
1.67,20.17,51.05,20.75,-0.03,16.74,0
16.04,27.06,90.42,37.08,3.68,13.49,0
25.9,21.83,47.29,29.38,8.46,18.76,0
7.18,27.88,52.9,58.03,0.71,15.88,0
22.42,32.51,42.23,57.0,5.42,17.8,0
50.06,25.55,48.45,59.03,13.96,21.7,0
3.42,22.87,95.04,51.99,0.61,15.58,0
11.11,30.35,67.57,54.57,2.0,16.36,0
5.08,34.31,44.66,13.04,-0.42,15.93,0
23.62,21.53,97.58,49.86,5.95,11.21,0
12.93,34.1,92.74,42.53,4.52,14.23,0
15.1,34.09,85.28,57.77,3.26,20.07,0
23.99,34.77,96.01,34.28,6.86,17.58,0
7.56,36.09,53.21,5.11,4.22,13.05,0
36.99,41.01,90.18,35.84,11.05,17.08,0
11.42,28.22,81.4,41.19,3.77,17.61,0
2.58,30.55,92.19,13.22,-0.17,17.12,0
17.86,27.92,87.81,23.65,7.52,17.29,0
23.64,30.01,60.79,35.91,6.55,17.47,0
5.71,37.66,86.46,22.45,1.49,16.75,0
29.19,23.27,55.75,22.5,10.07,25.66,0
35.49,25.69,59.72,7.99,10.47,22.47,0
4.86,36.89,46.47,56.44,1.51,19.25,0
61.59,35.1,96.1,45.03,18.19,16.28,1
2.27,28.18,57.46,0.07,0.41,19.49,0
3.38,34.27,71.24,45.94,1.39,19.25,0
3.05,31.71,63.48,44.39,1.47,19.18,0
33.66,37.5,97.6,0.58,9.46,8.99,0
15.93,30.37,60.1,22.18,4.01,14.25,0
2.47,35.13,86.71,36.4,0.13,11.3,0
8.71,43.21,91.32,27.17,1.21,12.83,0
14.33,32.99,66.14,46.68,2.71,10.88,0
1.31,30.25,62.69,25.53,0.69,15.85,0
32.11,33.61,84.86,9.23,10.57,19.63,0
24.41,28.17,94.77,58.58,8.2,17.87,0
10.55,41.94,85.3,14.52,0.78,22.6,0
51.23,30.9,53.63,43.06,15.12,28.51,0
8.11,28.64,93.3,8.59,1.33,27.68,0
62.13,25.82,63.25,19.74,18.78,22.37,0
16.54,35.49,74.57,26.52,4.54,24.73,0
15.1,34.34,89.89,11.53,5.12,19.62,0
2.72,27.51,51.3,27.0,0.8,22.42,0
32.05,32.88,87.07,9.43,7.72,8.3,0
8.37,22.46,75.77,33.54,1.54,9.2,0
2.66,30.92,93.6,39.82,0.8,12.35,0
0.19,32.26,50.32,3.75,0.15,13.26,0
12.31,38.54,65.24,52.27,2.29,12.78,0
11.24,26.15,89.97,11.11,1.84,10.11,0
19.06,23.61,41.15,13.52,5.77,13.91,0
33.14,25.52,46.73,39.68,8.54,13.19,0
1.24,23.32,99.43,28.13,-1.3,14.97,0
19.72,36.68,56.82,29.96,5.47,16.59,0
3.11,37.74,98.53,7.69,0.45,19.26,0
29.3,31.6,50.95,48.34,7.91,15.49,0
25.64,36.11,61.67,37.02,6.99,16.87,0
11.67,30.67,85.17,8.12,3.52,15.09,0
18.58,29.52,79.47,22.44,4.85,18.92,0
5.66,28.33,74.87,48.62,1.77,14.66,0
9.56,28.45,71.79,34.1,2.49,11.49,0
25.86,22.26,90.61,6.52,7.93,10.62,0
9.22,31.32,54.1,22.37,3.64,10.54,0
6.64,29.8,66.55,14.56,2.83,11.19,0
10.22,33.73,49.33,31.05,4.36,11.75,0
26.43,30.47,75.76,50.6,8.77,8.25,0
6.12,29.19,55.03,26.18,2.08,11.12,0
2.86,25.64,60.03,26.0,0.43,15.25,0
18.67,30.36,68.28,54.32,5.21,12.74,0
26.23,33.69,41.61,34.57,6.99,7.94,0
1.59,24.28,45.52,33.97,0.48,13.43,0
4.11,30.44,81.16,15.71,1.93,6.46,0
2.3,31.17,65.74,36.46,-0.04,12.0,0
6.41,26.41,91.89,34.55,1.89,8.34,0
8.98,27.06,81.68,23.81,2.02,11.98,0
20.72,31.15,40.49,59.44,6.43,10.97,0
15.8,24.33,77.0,52.91,4.19,10.63,0
14.55,31.75,45.62,44.98,3.63,15.01,0
6.52,25.52,86.86,32.24,1.28,22.5,0
27.63,35.31,99.49,27.72,8.79,16.64,0
9.56,41.69,71.87,11.09,2.77,22.94,0
58.02,25.7,80.97,18.34,16.98,20.01,1
15.08,32.67,54.24,46.44,4.79,20.65,0
2.02,26.37,66.26,27.22,0.19,15.51,0
16.91,35.2,91.37,52.94,6.2,18.01,0
5.9,23.67,50.05,8.87,0.8,10.93,0
17.39,32.4,55.93,30.5,5.03,11.26,0
1.08,25.64,66.73,38.82,-1.08,10.99,0
2.88,28.97,82.73,31.01,0.52,10.7,0
29.04,24.84,62.55,53.35,7.03,11.91,0
3.87,34.11,95.66,59.37,1.91,11.04,0
27.21,25.82,45.67,6.95,8.93,15.59,0
4.91,32.76,62.25,7.8,2.26,13.88,0
15.45,28.28,82.54,7.82,4.66,13.34,0
17.77,29.43,53.56,40.87,4.45,10.49,0
10.78,30.74,79.38,22.36,2.43,7.83,0
5.46,26.19,49.85,44.0,3.17,9.66,0
3.59,31.05,43.36,24.33,2.51,7.08,0
0.51,37.65,47.26,37.66,0.27,13.22,0
5.43,26.11,95.8,46.19,1.11,15.88,0
15.88,35.86,73.11,32.89,6.13,16.56,0
41.78,37.49,87.78,32.37,11.84,22.24,0
30.74,25.92,59.96,5.29,9.45,22.35,0
21.79,22.72,75.56,24.65,7.89,24.27,0
23.3,31.51,69.7,32.75,6.15,28.47,0
16.4,27.26,96.74,27.72,5.75,20.81,0
4.52,39.34,84.85,54.05,1.88,19.96,0
35.66,30.17,83.83,54.39,10.66,14.53,0
16.66,25.99,42.78,49.32,4.01,11.68,0
12.33,24.26,72.98,22.52,2.97,12.33,0
1.76,35.45,68.02,43.04,0.82,13.64,0
8.89,27.14,95.67,23.72,1.24,11.09,0
9.25,30.22,55.44,13.96,2.91,12.79,0
29.99,34.78,56.19,20.57,9.54,16.89,0
11.87,27.58,64.68,4.26,4.55,19.33,0
7.18,29.77,54.6,19.91,0.76,18.42,0
56.45,29.92,47.75,27.64,18.25,20.29,0
1.76,33.42,91.44,57.33,2.22,16.24,0
8.24,32.95,73.5,18.8,2.88,21.09,0
0.64,28.9,91.68,54.15,-0.84,19.34,0
20.2,30.32,89.87,13.73,5.73,15.28,0
37.53,28.14,56.92,11.46,11.21,17.48,0
4.93,22.61,72.86,31.14,1.75,20.49,0
29.32,31.29,44.99,40.35,8.82,22.48,0
5.18,39.46,94.92,2.66,1.84,23.09,0
36.25,25.58,64.26,13.26,10.78,18.43,0
21.03,26.13,63.62,27.34,6.58,22.36,0
24.51,25.65,58.17,19.86,6.89,20.87,0
0.27,33.62,67.64,42.76,-0.26,25.19,0
49.38,32.24,55.11,30.67,14.24,24.68,0
19.46,29.21,62.49,9.62,7.75,16.79,0
5.45,25.41,88.0,53.67,3.1,18.23,0
26.53,30.46,90.06,17.57,8.51,22.07,0
4.96,22.18,58.25,43.87,2.81,16.4,0
30.92,30.72,68.14,46.79,10.08,15.58,0
1.79,34.36,92.43,57.79,0.72,15.46,0
18.25,23.74,43.16,29.91,3.97,9.99,0
11.67,22.34,93.35,36.95,3.24,10.45,0
1.52,37.9,53.15,20.09,0.12,7.23,0
4.15,26.94,80.71,40.69,0.11,5.52,0
0.19,35.68,74.95,27.8,-1.43,7.21,0
9.49,29.23,73.18,26.26,3.34,8.15,0
5.38,29.19,91.56,51.33,1.94,5.55,0
13.68,32.19,46.09,3.01,2.94,8.84,0
5.29,25.58,60.82,52.92,0.84,9.03,0
5.35,30.66,72.3,51.12,2.77,11.69,0
20.39,28.09,88.68,30.38,5.24,16.94,0
0.74,23.4,52.99,29.41,0.39,14.63,0
34.98,31.69,88.18,21.71,10.3,19.83,0
28.68,28.68,63.98,59.65,9.11,22.43,0
16.53,29.21,51.33,6.67,4.1,16.83,0
13.49,23.95,85.54,35.41,4.14,22.17,0
33.43,37.96,45.45,40.9,10.2,14.7,0
3.07,34.38,70.89,56.06,1.15,12.21,0
1.23,34.82,43.83,46.81,0.45,13.58,0
4.11,28.47,61.39,38.63,1.58,12.31,0
23.74,21.35,76.06,7.01,9.31,14.55,0
0.53,39.76,73.37,22.42,2.72,20.75,0
13.11,29.69,64.28,8.33,3.29,23.76,0
80.85,26.26,65.74,52.87,21.94,18.44,1
29.04,32.08,53.61,44.98,9.31,23.35,0
11.05,35.84,67.35,45.45,3.5,25.38,0
0.99,29.88,97.2,39.14,1.36,21.09,0
26.7,36.39,91.03,30.42,8.3,12.65,0
13.71,35.41,48.71,9.0,4.17,13.13,0
1.83,24.62,41.79,19.78,1.68,11.53,0
1.48,26.63,96.01,8.21,1.71,19.39,0
36.06,34.79,71.6,43.49,9.43,19.94,0
16.59,16.44,72.27,9.61,4.16,17.55,0
26.52,29.25,86.84,42.13,7.85,19.03,0
31.68,22.85,58.88,41.54,9.6,21.87,0
12.72,27.62,68.91,27.56,3.59,15.68,0
10.93,28.51,98.12,8.11,3.71,11.08,0
8.44,28.21,80.33,18.89,3.53,15.31,0
5.72,27.24,49.22,19.21,3.44,10.16,0
8.55,24.51,47.99,42.02,3.14,13.97,0
22.3,41.46,52.26,6.82,5.84,17.36,0
13.82,39.34,86.0,49.74,4.0,14.97,0
33.46,24.19,57.72,45.66,9.96,16.56,0
8.79,37.91,41.28,11.18,3.15,18.27,0
14.01,28.0,96.65,43.15,4.59,17.68,0
14.97,30.65,50.18,40.11,6.54,13.44,0
13.44,29.68,40.57,44.89,3.57,11.91,0
18.19,26.7,54.23,11.34,5.84,11.09,0
4.07,34.92,54.1,9.46,3.57,10.6,0
10.77,30.63,65.32,14.19,2.65,9.93,0
1.65,27.62,95.22,21.95,0.64,14.87,0
7.28,23.48,92.75,47.62,1.24,11.18,0
10.03,25.53,67.41,44.28,3.09,16.88,0
15.84,21.79,64.65,55.53,3.97,18.66,0
45.1,30.06,73.3,3.52,14.58,18.56,0
13.77,24.02,54.61,0.69,4.28,17.39,0
20.41,28.67,43.13,41.95,5.19,20.74,0
10.59,36.85,96.35,16.76,4.02,11.4,0
15.08,36.0,51.2,20.04,4.7,8.93,0
1.1,29.84,51.9,32.81,1.28,12.05,0
4.4,29.56,68.35,6.14,0.17,6.15,0
6.74,39.4,69.5,38.56,2.39,8.89,0
9.59,32.6,41.11,19.51,3.65,1.21,0
0.7,28.36,48.88,37.96,-0.21,9.48,0
2.26,22.87,62.69,50.04,-0.58,10.88,0
4.86,31.97,81.02,10.27,1.42,13.22,0
53.38,34.15,53.71,55.85,17.24,11.04,0
6.04,26.84,65.38,31.84,2.94,12.43,0
9.87,31.46,73.44,55.38,2.53,16.63,0
3.27,28.18,93.32,12.46,-0.3,16.62,0
14.15,29.08,59.56,36.27,3.82,6.69,0
4.94,17.56,48.01,24.23,1.01,3.25,0
3.48,28.89,69.36,46.45,1.49,0.96,0
10.9,34.85,84.8,36.35,3.17,5.82,0
0.08,26.84,46.59,29.67,-0.73,4.71,0
0.12,30.26,65.48,54.78,1.14,3.06,0
3.71,26.22,41.07,22.63,1.25,3.19,0
0.56,31.8,42.01,13.2,0.6,3.64,0
1.71,28.92,68.98,36.49,-1.21,8.36,0
6.21,25.3,57.89,37.44,-0.56,11.93,0
24.34,36.66,90.71,26.35,5.86,4.36,0
12.73,34.64,76.13,29.2,3.34,14.31,0
10.78,26.98,67.24,57.57,3.81,13.36,0
5.21,32.49,64.48,43.96,-0.78,11.63,0
40.27,32.69,69.83,6.64,13.67,10.93,0
7.59,33.21,42.43,12.73,2.45,12.39,0
1.37,21.53,93.57,58.53,1.77,11.81,0
14.4,35.03,99.9,43.59,3.43,14.69,0
1.81,27.15,50.89,54.9,1.05,10.48,0
6.35,28.21,47.22,18.23,1.99,7.32,0
10.62,43.19,48.61,44.51,4.0,12.76,0
31.1,31.51,79.66,42.84,9.1,18.98,0
10.2,28.07,79.69,17.68,3.53,19.39,0
18.17,18.97,90.88,33.05,6.55,22.74,0
74.04,36.95,85.11,37.64,21.56,21.53,1
2.11,23.27,66.98,28.87,0.88,19.05,0
4.82,24.98,76.77,49.63,-0.44,16.83,0
7.53,28.34,81.3,49.97,2.96,21.64,0
8.22,37.08,70.76,51.04,4.42,11.33,0
7.94,33.87,68.54,48.21,1.14,16.1,0
35.73,29.21,78.71,29.29,10.63,14.66,0
18.78,31.54,73.45,22.89,6.51,16.2,0
14.04,27.0,78.64,49.88,4.24,22.51,0
5.55,30.7,76.77,29.41,1.83,24.61,0
26.04,30.37,83.15,14.78,7.42,22.73,0
46.54,34.84,78.57,30.44,13.53,19.52,0
25.82,34.84,71.18,8.51,7.66,17.13,0
0.02,32.47,80.91,41.5,0.05,16.5,0
15.18,28.19,66.97,20.16,3.37,15.08,0
0.79,33.71,54.5,15.64,0.17,10.14,0
4.47,29.54,40.09,57.39,2.91,6.98,0
0.92,24.59,73.6,46.61,-0.14,5.47,0
13.89,27.98,75.44,47.22,2.93,4.85,0
17.4,30.42,98.32,37.42,5.07,7.48,0
1.82,34.55,61.69,50.35,-0.17,10.89,0
7.26,29.08,63.65,45.55,0.84,7.84,0
9.14,23.95,52.11,35.93,2.88,6.33,0
6.91,30.28,44.23,57.67,1.36,4.49,0
1.93,30.57,86.37,11.5,-0.04,10.94,0
8.14,30.93,54.98,56.6,2.6,8.19,0
20.87,34.6,76.53,24.09,4.73,8.28,0
1.1,35.09,81.27,31.7,-1.41,13.71,0
1.25,27.03,68.27,7.36,1.05,13.55,0
6.57,26.92,92.58,32.41,0.04,15.32,0
42.64,24.8,66.63,36.67,11.81,16.11,0
16.57,33.49,57.09,59.86,3.17,15.26,0
17.03,37.24,93.76,58.51,4.62,15.92,0
6.74,28.42,91.69,57.98,2.45,17.71,0
13.51,28.79,49.84,20.9,4.16,16.41,0
0.15,37.33,41.56,59.48,2.44,14.53,0
15.16,32.53,45.4,27.33,5.64,16.72,0
36.68,32.18,57.19,51.11,10.07,20.14,0
14.22,24.05,98.34,12.98,3.07,18.48,0
31.04,33.39,73.51,30.35,12.02,24.23,0
19.31,25.35,62.4,57.96,6.86,20.98,0
1.93,24.33,93.32,56.82,1.17,17.46,0
34.91,28.27,67.19,41.02,10.55,13.67,0
1.03,27.07,58.91,47.87,0.58,9.0,0
11.45,28.89,96.47,10.59,1.95,10.14,0
2.3,22.8,90.97,43.3,0.85,7.9,0
0.18,34.79,90.62,37.08,0.12,5.45,0
8.22,35.64,70.74,5.49,1.56,9.94,0
5.24,20.26,87.37,6.79,1.03,8.09,0
9.98,34.89,50.76,6.51,4.51,6.2,0
12.91,25.95,74.39,43.46,3.75,6.73,0
0.67,34.28,99.03,8.5,2.27,6.8,0
1.97,29.66,57.46,28.06,-1.15,10.84,0
12.27,30.14,87.66,21.42,3.16,9.86,0
6.3,29.07,69.43,33.03,0.34,10.98,0
19.59,36.06,42.39,42.39,4.67,16.96,0
15.85,23.8,85.78,41.08,3.93,15.81,0
28.02,33.04,50.11,30.93,8.72,14.94,0
17.69,35.51,77.89,27.86,5.57,16.84,0
8.43,33.58,45.14,23.87,1.85,15.81,0
16.77,41.62,96.81,51.71,2.8,12.92,0
4.83,27.36,57.5,19.85,2.93,11.8,0
5.49,34.79,53.59,15.56,1.36,12.61,0
23.34,29.47,47.75,44.6,5.88,16.51,0
8.87,36.17,96.76,21.59,2.94,18.65,0
24.02,29.96,82.71,50.82,7.41,20.92,0
25.93,28.06,84.5,19.67,7.45,19.46,0
29.23,36.53,69.96,42.12,8.92,22.0,0
37.27,27.54,68.48,2.71,10.03,18.3,0
8.46,22.94,46.6,23.13,3.3,18.64,0
5.76,27.42,73.59,20.59,0.73,16.1,0
13.09,33.1,54.81,49.0,3.32,15.13,0
6.96,36.96,98.63,58.02,2.74,15.29,0
13.78,30.56,87.79,27.65,5.34,17.86,0
18.34,36.59,64.78,49.49,7.09,8.08,0
17.49,23.21,49.08,41.98,6.3,12.65,0
7.04,27.78,87.12,58.04,1.79,9.71,0
2.74,28.56,47.32,48.67,-0.72,14.88,0
8.45,29.43,51.36,4.65,3.94,12.99,0
2.31,30.42,52.69,42.8,2.06,11.75,0
33.12,33.45,73.41,32.13,9.26,8.55,0
6.37,27.78,87.22,0.99,2.83,8.04,0
2.52,30.7,58.86,15.08,0.42,12.64,0
0.39,29.77,45.08,55.31,1.62,11.58,0
15.57,25.37,67.87,55.56,4.16,6.3,0
15.2,29.43,84.89,47.93,6.54,6.04,0
6.25,29.28,53.3,58.91,2.66,9.44,0
1.12,29.17,53.2,48.39,2.13,13.0,0
7.91,30.16,96.83,0.61,1.91,7.18,0
5.59,30.38,97.25,17.27,2.08,9.61,0
16.96,27.84,99.43,1.84,4.12,7.26,0
13.96,36.36,88.46,5.65,5.03,14.39,0
6.8,24.15,51.29,13.13,2.94,17.79,0
3.69,26.4,52.72,30.21,3.5,17.53,0
66.39,43.9,60.41,50.85,20.4,13.94,0
9.08,24.81,59.09,51.72,3.45,14.96,0
17.48,23.23,97.39,36.97,4.77,13.56,0
2.27,33.67,87.34,55.69,1.22,15.3,0
9.97,19.61,83.44,30.0,2.61,11.58,0
0.42,28.82,51.16,53.34,0.24,13.19,0
10.56,40.73,94.57,27.24,3.34,10.14,0
49.87,22.28,89.67,16.63,14.61,12.06,1
7.27,20.09,49.82,54.98,2.24,12.12,0
0.6,22.5,92.27,23.28,-0.2,11.77,0
0.47,34.49,56.33,30.2,-0.24,9.32,0
7.37,35.62,44.85,19.73,3.29,5.17,0
2.62,27.44,79.41,39.77,0.96,4.29,0
0.35,33.42,79.23,59.7,0.45,4.99,0
21.17,36.95,45.7,1.53,4.89,12.89,0
9.2,38.94,59.13,53.99,3.18,7.18,0
5.12,28.77,99.57,0.24,2.07,16.85,0
34.55,18.49,80.71,21.85,9.97,17.12,0
1.85,25.9,83.8,10.12,2.64,20.64,0
46.83,27.87,52.78,45.44,11.76,17.26,0
5.65,28.71,44.73,3.04,2.48,23.16,0
32.89,29.06,56.61,33.21,10.58,27.74,0
13.86,35.59,54.93,17.7,4.7,23.71,0
26.29,36.37,54.07,8.02,8.06,25.64,0
62.04,29.14,51.57,46.31,19.16,27.86,0
5.1,35.49,74.49,13.05,2.4,25.42,0
48.72,31.79,59.69,13.42,13.89,23.66,0
7.4,30.32,89.22,16.5,2.52,22.34,0
7.3,34.53,51.04,35.21,2.01,10.55,0
6.24,30.36,67.88,39.58,0.78,10.53,0
11.69,40.29,40.82,1.06,4.23,8.59,0
2.51,22.81,68.9,14.51,0.19,7.98,0
12.1,27.42,43.35,25.86,2.13,11.51,0
11.7,29.37,98.66,19.92,2.97,15.46,0
21.53,32.2,87.44,53.05,5.66,13.07,0
26.9,36.34,69.41,47.26,9.1,11.84,0
8.71,29.88,45.2,37.55,2.77,10.32,0
5.4,22.89,75.55,20.28,3.0,11.41,0
4.5,34.21,85.53,42.04,0.68,8.42,0
3.25,33.77,51.44,50.62,1.85,2.39,0
0.89,20.29,74.09,35.69,3.11,6.96,0
6.29,29.98,88.85,47.07,2.24,15.59,0
4.73,22.05,86.09,44.95,2.28,9.65,0
50.91,26.68,88.18,34.3,15.97,14.55,1
12.24,25.49,92.76,18.73,2.25,16.71,0
6.4,34.05,96.26,44.75,2.51,14.35,0
13.03,30.58,64.33,12.41,4.22,14.28,0
2.25,23.57,74.13,46.77,0.41,6.8,0
8.81,34.4,87.44,48.27,1.76,6.12,0
14.76,22.83,81.83,49.33,5.12,19.75,0
10.07,31.65,99.73,28.37,2.05,24.59,0
7.71,25.93,40.82,11.55,4.45,22.67,0
76.37,28.17,61.31,5.98,23.02,22.89,0
31.84,32.52,56.86,44.6,8.33,25.37,0
14.65,32.61,55.74,53.18,3.88,21.64,0
12.64,36.68,53.35,39.05,3.51,23.54,0
14.54,29.59,82.55,8.65,6.77,12.25,0
3.37,31.53,45.09,56.09,0.13,8.18,0
7.54,27.81,84.5,59.35,2.15,8.56,0
0.6,30.91,81.61,26.0,-0.36,10.86,0
9.68,32.2,55.05,35.69,3.4,13.59,0
11.75,29.51,55.17,46.63,3.0,19.24,0
3.88,20.98,77.73,44.18,0.02,16.88,0
49.88,31.66,85.73,58.07,14.77,22.46,1
36.03,31.82,92.59,6.89,10.51,24.53,0
19.21,26.6,91.13,34.84,5.17,18.88,0
11.43,23.58,97.89,41.52,2.89,25.75,0
30.6,37.38,74.88,53.41,10.36,16.8,0
2.1,32.46,94.52,52.45,0.31,12.98,0
23.45,28.85,88.51,58.68,5.9,14.28,0
2.0,24.31,93.68,30.72,0.14,17.96,0
23.71,25.89,40.7,49.85,7.17,18.99,0
4.84,36.51,97.95,25.64,0.12,18.51,0
31.44,30.69,68.41,25.34,11.06,16.05,0
43.25,27.25,87.89,15.2,13.84,29.85,1
2.42,32.55,47.63,49.09,2.16,20.58,0
9.32,25.93,63.76,59.15,3.19,28.27,0
59.44,37.5,56.29,15.38,15.74,23.96,0
9.91,36.76,57.5,3.37,4.51,17.05,0
29.88,27.67,47.4,48.93,8.1,19.04,0
13.33,26.86,88.35,37.21,3.22,15.51,0
7.06,16.91,40.55,57.58,2.27,11.69,0
5.05,22.59,58.75,15.13,2.89,12.42,0
3.41,23.3,50.46,4.26,2.08,6.67,0
21.52,30.68,75.34,29.55,7.36,10.34,0
7.33,28.37,55.26,5.13,1.89,8.23,0
10.74,23.27,55.54,15.71,2.89,10.84,0
10.17,28.59,69.3,7.56,3.4,19.56,0
12.92,32.53,79.16,13.45,3.74,24.12,0
30.1,32.64,47.28,6.37,9.92,18.53,0
59.25,20.5,50.53,57.23,18.6,24.92,0
7.85,29.36,54.83,16.71,2.95,22.92,0
26.36,23.08,98.42,26.63,5.38,28.57,0
21.69,34.51,63.83,53.92,6.64,26.66,0
12.78,33.92,75.94,40.64,3.73,18.35,0
46.87,25.51,54.49,37.08,14.23,18.88,0
3.36,26.17,69.43,42.33,0.25,14.99,0
1.74,27.69,44.45,49.73,-0.8,19.88,0
28.86,18.74,42.08,52.66,9.12,22.7,0
8.67,31.68,68.12,38.56,2.25,14.47,0
28.16,28.64,63.92,53.4,9.02,20.05,0
33.54,34.85,48.21,32.12,9.39,19.3,0
0.97,24.51,81.26,16.64,1.71,15.95,0
32.24,26.9,99.57,52.8,10.67,18.48,0
8.92,22.47,63.74,32.49,2.97,21.08,0
10.71,24.98,77.47,54.37,3.0,15.91,0
14.78,24.09,97.78,2.41,5.29,17.56,0
39.13,34.98,89.89,23.85,12.13,12.91,0
0.29,26.51,67.81,56.87,0.33,19.07,0
9.72,30.62,84.25,14.98,3.96,16.22,0
17.46,28.1,47.69,56.49,6.66,14.86,0
19.24,23.65,70.73,57.23,4.52,7.63,0
17.69,29.16,56.74,52.93,4.26,10.79,0
2.17,33.0,49.67,33.82,-0.13,14.36,0
5.34,23.96,65.58,38.82,0.1,13.02,0
6.66,34.05,47.86,52.18,1.94,12.38,0
24.48,25.75,81.94,46.55,7.94,14.53,0
4.9,27.59,67.37,37.81,1.45,13.76,0
3.55,32.65,71.87,58.94,0.53,24.68,0
47.36,26.68,48.78,41.14,15.33,25.72,0
0.13,30.19,48.39,58.53,0.18,29.26,0
91.93,28.43,75.0,3.44,27.92,29.27,1
16.94,30.65,99.1,8.34,6.24,24.74,0
26.44,18.1,45.78,27.09,7.81,24.44,0
5.24,20.85,57.14,23.09,3.63,28.13,0
0.22,33.08,92.17,46.96,-0.38,14.36,0
20.08,35.19,44.34,9.64,8.02,15.58,0
26.95,25.45,92.55,58.57,7.11,11.62,0
20.23,28.78,71.46,18.9,6.59,11.25,0
2.31,31.47,64.5,25.74,0.05,18.06,0
21.0,33.47,58.58,16.48,7.42,19.14,0
21.98,19.86,57.83,34.76,6.11,18.55,0
16.12,25.57,58.35,3.52,5.13,23.67,0
21.79,28.34,93.09,8.98,5.89,18.56,0
28.05,33.52,83.43,44.75,9.35,16.53,0
14.26,42.49,80.18,11.19,3.62,14.13,0
1.39,28.86,87.92,14.13,2.1,11.2,0
10.03,22.97,55.43,47.58,2.01,11.95,0
1.21,32.01,77.08,5.6,-0.98,6.95,0
7.85,36.6,67.6,26.25,3.31,5.74,0
7.84,30.54,86.95,1.38,1.76,3.92,0
1.02,25.47,58.56,20.81,0.3,4.14,0
6.43,34.79,78.59,41.94,1.61,12.42,0
1.76,33.32,92.93,5.41,-0.78,13.03,0
24.77,24.87,64.13,53.3,7.35,17.1,0
44.26,31.91,44.0,54.57,14.54,20.01,0
1.13,34.99,70.96,6.3,1.34,18.81,0
46.55,35.91,60.76,59.44,14.2,20.05,0
11.09,29.67,80.33,17.85,4.44,15.19,0
5.34,28.21,97.06,5.05,0.54,14.59,0
1.2,36.14,69.14,0.3,0.03,15.4,0
10.42,23.95,67.97,24.51,3.52,7.06,0
23.74,32.19,79.28,37.79,6.99,8.39,0
18.42,23.15,46.21,19.93,5.28,12.13,0
0.77,35.33,55.21,50.2,-0.97,6.72,0
1.14,28.71,95.14,43.0,-1.74,8.95,0
7.73,36.34,80.2,21.01,3.14,7.63,0
5.25,32.46,40.81,44.06,1.82,11.49,0
3.97,23.88,52.28,56.43,2.09,11.47,0
4.95,37.12,80.97,5.59,1.05,12.14,0
24.41,37.76,85.86,18.37,6.61,15.03,0
39.72,34.41,90.39,27.8,11.92,19.73,0
7.79,26.19,57.53,29.88,3.19,16.53,0
35.48,28.47,95.86,32.53,10.41,17.37,0
5.82,30.73,73.18,18.04,2.55,13.12,0
9.71,26.48,81.79,40.04,1.91,21.19,0
3.84,38.46,75.8,38.71,0.99,22.6,0
15.34,30.72,47.36,34.67,4.53,17.86,0
57.94,16.48,97.79,6.83,18.61,14.36,1
13.88,31.7,47.37,28.62,4.37,17.68,0
6.64,28.26,55.29,21.37,3.74,17.28,0
15.65,29.63,88.82,29.46,3.35,20.04,0
1.97,28.16,77.12,55.31,0.72,13.34,0
32.93,34.04,90.29,28.83,10.06,13.46,0
10.49,35.6,70.94,0.84,3.77,15.06,0
8.95,31.42,62.62,26.33,1.87,11.9,0
13.22,28.3,95.31,49.24,5.65,10.16,0
14.7,29.79,42.18,46.8,4.42,11.05,0
1.12,30.1,91.37,30.8,-0.75,11.36,0
17.21,25.99,53.85,14.99,5.15,11.78,0
4.15,32.89,90.92,27.91,0.93,12.05,0
18.77,32.3,48.35,33.82,8.42,17.89,0
25.93,37.7,74.81,59.99,8.83,18.69,0
24.44,36.28,93.29,38.65,7.38,15.51,0
12.06,26.57,68.41,41.66,3.51,15.35,0
11.01,34.1,84.79,29.49,4.26,9.67,0
2.31,25.25,88.28,21.27,1.69,14.0,0
22.4,33.48,84.19,48.78,3.81,10.43,0
4.75,27.42,95.52,29.7,2.07,7.53,0
10.3,24.88,66.81,59.68,3.12,11.08,0
5.02,31.4,50.39,27.43,0.19,10.32,0
2.16,16.63,42.87,4.08,1.53,8.73,0
14.9,21.25,54.79,40.95,6.71,8.59,0
0.84,29.11,48.59,2.8,0.81,7.15,0
20.71,30.41,73.48,15.03,7.31,9.23,0
5.73,28.15,51.1,21.22,3.52,5.95,0
0.0,22.1,42.34,44.37,-0.83,7.08,0
10.73,25.91,42.16,29.65,1.36,6.9,0
0.72,31.96,89.89,1.72,0.87,8.59,0
4.85,32.91,75.49,37.01,1.21,10.08,0
18.41,29.92,61.49,24.69,4.15,7.65,0
0.97,35.78,93.65,55.31,0.21,8.26,0
27.43,31.99,44.21,29.97,8.96,9.18,0
0.06,26.26,98.82,42.54,-0.13,14.02,0
4.25,28.6,76.98,13.13,0.49,11.86,0
20.26,22.99,51.01,45.66,5.85,10.82,0
5.7,29.46,80.74,43.26,1.69,9.3,0
1.61,35.56,85.8,54.24,-1.45,10.45,0
6.7,33.43,65.76,2.03,1.87,11.87,0
4.73,37.01,91.7,26.85,0.07,13.23,0
27.75,28.49,49.04,40.75,8.98,14.72,0
5.64,36.73,56.73,5.71,0.13,15.86,0
23.33,29.03,45.61,24.64,8.01,21.79,0
33.37,37.36,52.65,56.53,9.6,21.55,0
8.53,29.89,54.32,26.16,2.02,21.92,0
36.11,33.54,95.06,59.12,11.13,18.45,0
7.11,37.38,44.69,3.41,1.27,21.63,0
49.9,29.03,65.64,43.07,15.25,14.48,0
1.4,31.09,71.94,34.86,-0.31,16.52,0
17.42,36.44,93.92,30.03,4.67,13.74,0
10.21,29.33,99.86,58.25,3.47,15.94,0
7.36,23.4,85.2,7.78,1.07,11.6,0
15.02,40.72,98.25,53.76,3.24,12.23,0
18.25,27.65,87.23,41.47,5.72,11.36,0
0.07,30.79,97.79,15.54,-0.01,12.5,0
2.74,35.78,82.44,54.1,0.99,18.74,0
18.73,26.96,44.79,25.76,5.95,13.36,0
16.47,24.96,64.12,48.85,5.0,22.22,0
50.74,31.27,78.8,23.33,15.83,21.19,0
21.47,21.03,61.04,51.06,6.54,26.17,0
45.17,28.56,56.4,38.2,11.54,18.53,0
18.19,31.23,74.64,8.46,3.71,23.27,0
5.31,28.65,96.01,38.98,3.52,19.69,0
1.67,22.28,42.1,11.48,0.5,13.39,0
22.84,37.97,86.15,24.72,7.8,12.06,0
15.5,30.52,83.36,10.22,4.3,15.28,0
0.74,37.16,97.84,1.32,0.16,15.76,0
6.7,28.7,95.84,12.71,1.56,17.37,0
47.13,25.6,85.73,32.18,16.6,13.3,1
10.41,31.35,71.22,28.89,3.38,12.61,0
8.5,28.92,52.26,30.09,2.02,13.21,0
9.18,24.11,72.71,14.86,1.1,13.2,0
3.51,37.35,85.92,41.11,3.03,5.26,0
6.9,26.89,93.74,42.26,1.91,5.76,0
6.93,20.8,87.38,21.48,2.82,7.51,0
0.81,36.64,51.72,52.87,1.1,9.79,0
21.89,27.48,75.98,38.64,6.1,12.67,0
8.08,26.96,59.93,42.78,3.1,15.37,0
25.9,21.17,40.55,16.64,7.17,12.63,0
28.49,38.7,52.01,0.04,7.56,15.88,0
3.57,23.55,46.79,51.92,2.24,19.98,0
16.07,30.29,90.56,49.35,4.66,18.83,0
9.59,34.56,55.51,7.39,3.39,18.17,0
31.82,32.11,57.08,22.45,9.96,12.49,0
3.65,29.7,97.6,39.68,1.73,15.48,0
16.99,21.49,62.75,39.13,3.54,9.81,0
14.04,25.95,40.58,51.62,3.63,12.27,0
5.25,30.94,57.03,8.42,1.25,10.79,0
2.2,26.06,47.16,25.8,-0.17,10.29,0
15.82,31.02,46.17,5.83,5.17,10.51,0
20.13,33.41,44.65,23.38,7.22,9.32,0
5.69,34.81,75.6,0.91,3.05,10.27,0
15.53,23.87,51.36,53.9,4.32,14.11,0
7.54,40.98,61.67,31.62,2.55,14.5,0
18.73,33.84,91.72,50.99,6.07,13.12,0
3.33,29.99,65.46,3.59,1.62,13.22,0
33.14,35.45,94.94,13.65,9.06,10.91,0
5.08,41.83,69.88,15.56,3.35,10.16,0
6.88,22.81,63.93,23.2,2.99,8.24,0
0.9,28.87,85.02,48.17,1.22,11.88,0
1.77,18.11,44.39,23.19,1.74,9.7,0
10.88,30.96,45.37,12.28,3.8,7.52,0
4.67,31.83,79.12,3.9,0.37,6.63,0
27.07,29.8,69.22,4.77,7.98,8.04,0
0.22,26.73,87.42,45.6,-1.58,8.9,0
7.15,19.75,94.98,26.69,2.56,9.8,0
6.17,31.87,63.3,43.57,1.68,4.53,0
0.29,37.28,75.78,40.94,0.05,6.18,0
1.99,27.04,70.04,8.12,1.8,8.19,0
8.01,32.2,98.9,8.57,1.95,3.57,0
10.18,22.16,89.87,45.32,2.8,7.23,0
7.77,32.29,94.7,43.28,2.35,5.45,0
11.36,28.03,55.26,22.68,1.57,9.49,0
13.56,26.19,86.35,4.65,3.8,13.86,0
0.15,26.2,55.93,0.73,-2.44,14.43,0
9.36,28.03,52.52,17.29,2.22,15.18,0
49.66,31.91,96.66,0.55,15.75,16.62,1
10.98,23.44,41.16,13.8,3.74,16.89,0
16.98,28.01,97.92,25.17,4.5,20.05,0
5.61,29.79,48.96,7.28,1.72,20.15,0
22.31,24.5,89.17,6.26,5.62,21.88,0
22.24,38.98,56.56,53.79,6.67,18.93,0
11.05,25.73,61.04,35.13,6.25,20.46,0
55.95,26.65,53.01,56.07,18.63,16.94,0
2.01,25.11,75.13,20.75,0.66,16.3,0
0.26,38.99,60.89,40.63,0.24,13.23,0
22.06,32.76,79.44,12.28,5.64,11.77,0
24.69,25.32,40.94,37.1,6.6,9.32,0
1.92,35.53,43.86,7.78,0.94,9.53,0
4.63,31.0,45.98,0.12,0.86,13.99,0
0.27,31.29,65.14,55.89,0.98,7.87,0
5.21,28.28,88.89,33.29,3.13,8.87,0
22.25,26.25,93.29,55.62,7.01,8.21,0
10.95,31.69,54.69,20.03,3.39,7.77,0
6.42,27.27,74.46,19.67,0.24,9.42,0
6.97,39.08,86.1,24.04,2.84,8.14,0
0.02,23.65,57.33,42.36,-1.14,19.48,0
5.35,37.68,64.54,33.95,1.19,19.43,0
15.6,29.44,71.44,55.52,5.64,14.84,0
54.86,31.5,48.09,1.53,17.49,17.63,0
28.17,34.17,41.56,42.49,7.98,22.91,0
0.36,26.85,49.17,19.82,-0.3,25.93,0
34.32,34.32,77.61,10.81,9.6,26.78,0
22.93,16.46,44.42,30.62,5.68,15.57,0
22.74,26.4,51.38,30.3,6.19,15.22,0
9.19,25.38,60.27,8.22,1.14,11.69,0
7.61,23.73,44.67,12.11,2.97,11.27,0
5.41,28.93,51.5,24.49,2.02,7.51,0
1.02,31.93,94.68,24.53,0.87,9.77,0
3.89,33.51,41.16,19.05,0.21,4.44,0
4.25,31.2,79.21,8.91,0.08,10.56,0
9.93,26.67,63.06,0.26,3.03,3.77,0
20.64,31.85,80.36,58.21,6.26,11.16,0
9.63,30.62,75.32,56.61,2.74,16.03,0
0.89,34.68,53.41,29.02,-0.02,22.58,0
47.48,33.88,90.83,59.7,15.95,28.48,1
42.9,30.15,69.52,40.42,13.3,26.87,0
23.07,25.51,89.35,4.13,8.89,35.65,0
71.21,26.74,64.36,7.06,22.63,36.19,0
11.79,27.25,99.08,54.97,5.24,29.56,0
49.36,28.42,86.23,37.8,13.73,23.57,1
1.18,31.34,97.96,50.59,0.95,24.73,0
6.83,33.58,70.86,53.9,1.62,11.51,0
3.83,29.74,68.42,26.88,-0.51,13.23,0
3.27,30.08,85.33,2.91,2.48,8.11,0
2.28,30.72,92.82,11.3,0.39,7.31,0
14.61,27.42,97.85,3.99,3.33,9.97,0
22.8,25.37,59.47,11.32,6.43,10.59,0
12.95,21.22,87.92,24.63,3.09,13.42,0
2.38,26.52,52.64,7.09,0.02,14.94,0
25.0,32.37,72.73,10.0,7.28,10.76,0
15.16,26.49,50.79,26.75,6.28,8.81,0
7.37,28.81,60.84,20.41,1.54,12.9,0
16.82,32.33,95.88,28.06,6.7,14.76,0
4.51,32.6,48.77,25.75,2.2,12.02,0
6.35,24.6,77.94,38.67,2.3,12.78,0
37.42,34.99,75.58,56.23,11.97,15.36,0
5.15,35.64,47.24,6.47,1.56,17.2,0
9.52,24.35,59.56,5.96,4.14,15.75,0
33.13,25.88,73.78,51.17,10.51,15.69,0
18.45,35.96,51.23,30.38,3.87,8.56,0
0.96,29.27,88.04,45.98,0.59,11.75,0
2.39,18.9,98.33,12.93,1.5,13.48,0
0.12,23.0,52.89,49.73,-0.25,5.71,0
14.95,28.75,51.21,55.43,4.61,12.83,0
8.9,24.18,67.3,38.13,2.06,12.38,0
2.16,27.93,84.87,6.35,-0.73,14.2,0
47.53,30.16,56.9,53.72,12.71,14.46,0
11.31,37.31,41.19,47.55,1.86,14.44,0
4.15,28.55,72.47,45.05,1.92,14.1,0
10.42,35.36,97.4,2.2,0.63,16.21,0
17.07,37.14,63.48,47.94,4.46,10.99,0
1.19,37.17,65.21,8.28,-0.41,11.18,0
4.82,31.42,98.13,13.34,1.16,10.59,0
24.67,20.18,81.68,34.63,5.55,14.19,0
9.23,32.3,83.15,15.9,3.17,9.99,0
11.86,35.24,73.76,39.68,2.29,9.08,0
8.51,29.59,98.48,36.48,3.68,9.26,0
0.67,38.72,81.33,6.49,-0.42,8.44,0
2.72,34.3,93.7,39.36,0.72,4.06,0
8.85,32.84,81.96,55.44,2.66,3.99,0
3.52,35.43,84.11,9.67,1.3,15.0,0
0.77,31.67,57.42,35.82,0.27,20.51,0
27.83,17.54,58.21,20.51,7.92,25.05,0
59.6,27.5,86.98,27.58,18.22,20.98,1
23.64,35.99,57.8,17.22,7.56,27.71,0
28.84,25.96,73.77,21.25,7.89,29.02,0
4.16,28.88,54.96,1.73,1.67,29.96,0
48.52,24.78,89.02,58.89,15.75,34.28,1
3.29,38.92,46.63,37.49,1.69,32.37,0
45.37,38.41,89.77,30.04,14.54,38.95,1
78.94,25.58,76.16,23.02,23.85,39.59,0
18.66,30.74,51.21,32.36,4.66,33.47,0
59.56,26.6,72.52,22.81,17.06,32.2,0
12.64,33.07,56.95,21.59,4.11,31.91,0
4.51,32.55,59.41,27.84,2.29,17.92,0
8.62,34.06,61.09,16.56,5.37,16.86,0
13.5,31.66,43.8,10.8,5.03,14.85,0
1.14,44.68,99.16,33.4,-0.83,14.82,0
14.61,24.86,41.89,50.57,3.61,17.97,0
59.59,21.45,79.75,9.17,20.16,20.05,0
3.16,28.03,62.27,1.96,0.73,25.28,0
23.6,22.16,78.76,14.81,7.13,32.27,0
35.77,22.54,61.37,58.78,9.77,32.21,0
43.16,24.99,80.43,49.73,14.51,28.17,1
48.33,25.39,83.75,35.75,15.0,34.01,1
11.06,25.23,81.43,55.75,2.54,30.53,0
56.79,32.59,46.84,26.72,16.04,27.52,0
21.24,27.47,79.41,59.0,6.68,26.18,0
2.65,29.1,56.8,17.78,0.84,21.92,0
9.72,34.47,41.73,14.42,3.75,19.79,0
19.01,26.17,64.89,38.28,6.25,10.2,0
4.26,28.68,66.01,22.69,1.01,9.33,0
15.35,31.83,68.03,37.58,4.06,12.62,0
16.48,20.29,82.29,18.3,4.78,14.17,0
2.66,18.08,58.53,37.08,0.25,13.94,0
12.49,31.73,58.92,16.54,3.62,11.19,0
22.15,32.46,43.63,3.06,6.66,8.48,0
10.36,40.32,81.21,54.73,2.21,11.31,0
0.18,30.79,74.07,52.99,0.69,13.12,0
0.14,34.1,60.97,58.25,-0.33,9.75,0
6.62,29.02,82.31,42.99,1.15,13.72,0
39.09,31.49,72.24,40.96,11.38,6.84,0
3.89,38.34,68.15,33.54,1.41,3.64,0
15.09,19.38,70.68,7.56,4.61,16.19,0
3.77,32.07,78.18,11.35,1.55,18.32,0
5.82,40.68,79.6,17.37,2.64,11.96,0
28.26,31.41,57.34,53.41,9.78,9.17,0
19.58,38.25,48.44,10.38,6.16,9.56,0
1.5,26.85,49.4,55.37,-0.62,9.99,0
8.4,29.84,78.36,31.37,2.25,10.97,0
0.44,30.17,92.37,42.93,-0.87,11.1,0
9.83,18.91,64.57,6.61,4.65,4.12,0
16.29,24.16,50.17,16.14,6.87,7.72,0
1.89,24.52,85.4,57.51,1.22,13.67,0
5.11,34.11,89.95,15.97,2.39,22.69,0
7.61,34.36,92.83,17.79,2.53,23.11,0
37.8,31.62,76.41,11.86,11.71,22.49,0
74.98,34.12,91.64,7.74,20.9,22.95,1
0.69,29.18,40.92,14.0,0.13,23.16,0
21.47,36.01,46.43,38.54,5.56,25.58,0
6.97,30.04,45.55,27.32,2.37,23.55,0
7.48,30.29,82.76,33.23,2.18,17.46,0
21.05,28.67,44.17,7.34,8.26,23.72,0
37.59,33.42,69.78,48.13,12.19,22.02,0
45.22,27.89,68.36,47.05,13.85,22.52,0
12.91,34.88,58.64,1.3,3.61,20.47,0
6.63,24.34,92.22,23.01,3.66,17.22,0
23.24,24.51,50.23,4.13,6.94,16.09,0
4.34,33.44,61.15,47.53,1.63,9.05,0
12.45,29.56,86.45,44.24,3.78,7.52,0
6.66,27.73,41.83,54.12,1.59,9.96,0
16.03,34.45,80.38,14.18,4.85,10.52,0
4.12,26.96,88.98,27.38,-0.72,12.35,0
3.19,29.0,95.94,11.07,-0.59,11.08,0
37.56,37.0,92.58,22.27,11.62,9.76,0
1.61,37.7,59.16,31.33,2.05,5.36,0
10.58,37.86,75.18,3.2,3.52,6.56,0
3.74,28.59,44.64,42.89,0.4,6.59,0
0.6,36.15,55.47,32.6,-1.26,4.72,0
0.55,25.26,45.65,49.74,0.95,6.99,0
2.89,25.47,58.91,16.31,0.3,10.29,0
30.24,18.25,92.51,54.2,9.71,13.59,0
4.98,38.36,60.83,59.92,1.88,15.54,0
45.07,25.68,73.71,55.16,14.0,15.19,0
13.07,29.37,66.0,46.67,3.95,18.83,0
8.61,25.45,67.53,48.74,2.97,13.99,0
13.02,33.48,98.17,34.42,3.79,14.49,0
10.91,28.12,57.77,11.41,2.64,10.98,0
21.33,23.48,77.64,40.62,5.44,15.52,0
4.98,32.21,65.2,42.77,-0.89,20.93,0
6.53,22.83,43.67,59.12,1.78,25.34,0
33.68,25.81,69.36,32.48,11.62,20.97,0
43.91,19.47,88.8,16.28,13.9,21.67,1
33.46,22.88,45.93,41.02,10.27,20.53,0
8.16,30.89,44.18,58.76,1.71,20.63,0
22.74,20.18,49.22,10.63,7.82,19.28,0
9.7,22.59,85.86,19.56,2.79,12.91,0
10.32,29.99,83.44,32.51,4.67,12.59,0
3.44,27.28,73.9,10.21,0.05,6.9,0
13.42,39.96,68.09,1.33,3.27,11.68,0
3.09,39.17,93.3,20.22,0.08,7.81,0
6.04,25.66,86.0,51.92,0.33,6.86,0
28.97,32.79,88.72,2.61,7.75,9.25,0
3.48,33.75,88.8,25.74,1.15,10.96,0
1.11,27.01,78.56,45.73,-0.38,12.35,0
1.07,22.52,67.48,57.19,-3.53,12.02,0
42.4,29.94,91.88,59.13,13.79,16.65,1
10.61,29.14,95.56,25.32,1.5,15.22,0
7.9,27.82,41.43,57.02,2.96,17.26,0
24.98,32.21,43.09,2.13,7.53,19.14,0
27.1,26.25,97.52,44.76,10.25,17.09,0
6.06,24.24,56.63,38.56,2.81,16.18,0
17.74,30.55,92.4,14.97,4.82,16.23,0
22.12,31.93,63.33,30.44,5.93,18.32,0
15.95,24.12,47.15,7.77,6.29,13.6,0
2.47,34.64,44.83,52.3,-0.74,17.35,0
31.3,21.15,49.39,21.47,9.58,16.19,0
11.62,27.11,54.99,37.56,3.35,11.95,0
4.98,28.71,69.31,9.53,1.15,8.9,0
8.31,26.82,82.09,12.37,2.85,5.53,0
0.57,27.17,99.18,59.52,0.36,7.89,0
2.05,39.36,66.49,45.19,1.07,5.75,0
21.76,25.75,71.09,57.72,6.67,6.92,0
0.0,42.21,71.31,17.75,0.42,2.55,0
8.08,32.19,72.37,9.87,2.52,14.99,0
11.09,30.46,71.06,30.18,2.67,11.37,0
0.84,32.38,40.53,29.68,0.26,12.17,0
54.22,42.65,40.1,10.5,15.55,14.52,0
3.85,25.03,45.86,43.99,0.37,11.18,0
5.44,24.4,46.09,21.71,1.3,12.97,0
5.43,26.23,82.29,11.18,1.51,11.72,0
3.93,30.16,52.29,19.92,1.21,13.97,0
0.02,21.37,93.68,33.82,0.92,10.15,0
19.6,30.11,95.72,43.59,5.38,16.38,0
51.1,38.47,98.55,28.91,15.53,18.19,1
3.81,30.76,96.34,31.54,1.26,20.86,0
16.32,28.54,56.31,8.34,4.29,20.31,0
20.32,26.91,70.59,54.88,6.17,16.27,0
28.3,34.49,50.53,55.72,9.49,11.83,0
8.24,25.87,88.37,41.01,2.66,16.96,0
5.41,39.23,93.31,1.06,1.85,16.31,0
5.9,39.67,91.08,32.22,1.07,10.47,0
18.7,31.28,66.0,37.75,7.58,8.28,0
25.46,29.94,85.52,59.68,6.99,16.83,0
3.01,35.15,45.85,59.76,-0.77,18.05,0
6.95,35.47,42.41,51.46,2.95,22.74,0
34.83,25.97,85.19,3.83,10.33,22.01,0
24.65,27.37,65.52,57.2,7.09,21.73,0
62.85,23.39,99.73,36.76,18.31,20.76,1
21.05,32.05,45.84,48.05,8.19,25.48,0
7.49,33.33,91.34,24.43,2.6,25.89,0
13.4,23.25,68.8,19.18,4.57,15.96,0
16.23,27.72,89.63,27.79,5.03,12.45,0
1.23,23.26,89.03,8.81,0.64,12.83,0
11.8,25.51,94.96,21.42,4.94,13.88,0
18.53,32.76,57.87,51.46,5.31,12.05,0
2.75,26.33,96.99,2.28,-0.63,16.25,0
22.76,28.5,49.1,9.05,7.69,14.15,0
13.15,21.86,44.92,7.51,4.44,14.9,0
45.62,30.93,65.9,24.18,13.79,15.25,0
0.65,29.78,89.7,59.82,0.67,17.34,0
4.62,26.36,68.41,10.4,1.02,13.32,0
13.8,29.05,89.76,8.73,4.16,15.35,0
5.28,30.9,83.78,54.9,1.45,7.55,0
18.8,25.93,52.57,52.92,5.05,11.35,0
21.34,22.62,96.93,1.93,7.59,13.33,0
1.62,39.03,43.65,45.1,-0.93,12.04,0
10.82,26.83,93.9,39.33,5.61,13.47,0
10.67,29.52,58.27,46.06,4.08,17.19,0
6.91,35.05,70.01,29.67,0.3,15.05,0
40.53,47.65,65.34,59.48,11.93,20.88,0
26.36,23.78,50.31,2.63,7.74,18.32,0
17.92,32.25,61.49,14.06,5.77,19.52,0
18.79,26.46,51.58,23.79,4.65,23.67,0
9.29,27.31,52.23,26.99,2.82,22.03,0
38.07,26.4,51.22,55.28,11.3,22.08,0
17.79,24.37,69.34,33.6,4.6,18.69,0
19.58,29.79,87.88,2.71,5.0,19.39,0
29.67,22.63,74.14,24.47,9.82,17.72,0
4.8,34.73,93.59,24.99,-0.26,14.37,0
24.68,30.28,78.19,57.93,7.88,11.79,0
3.26,32.11,81.36,35.95,1.77,20.87,0
6.35,27.67,80.06,38.14,1.69,17.05,0
6.13,28.16,66.97,42.8,1.89,21.0,0
57.61,31.44,81.36,46.2,18.45,20.12,1
29.13,24.18,44.18,38.1,8.03,23.21,0
18.12,28.21,91.59,14.23,4.83,28.88,0
19.48,25.7,86.67,52.44,5.35,28.69,0
12.39,25.55,54.71,43.93,4.88,20.8,0
44.09,19.45,86.08,44.51,14.52,14.22,1
10.29,36.7,40.76,59.79,1.69,14.9,0
7.18,26.57,53.03,48.15,3.16,15.4,0
2.67,35.82,43.91,49.75,1.62,17.87,0
23.14,35.34,86.81,57.08,8.5,10.26,0
19.89,23.57,85.35,9.07,6.35,14.3,0
7.28,24.56,88.82,29.86,2.14,13.57,0
0.38,42.8,40.27,34.83,1.26,12.33,0
27.4,38.75,70.07,19.76,8.92,18.08,0
0.17,29.84,82.29,50.36,2.3,16.38,0
18.25,31.29,49.32,45.75,6.43,15.28,0
52.73,26.85,78.99,43.25,15.97,17.43,0
8.63,32.16,45.05,59.83,1.42,20.6,0
4.02,26.41,50.88,15.56,0.62,20.0,0
18.31,19.84,68.55,44.13,4.06,24.63,0
25.48,23.39,79.21,33.08,7.43,15.58,0
11.86,30.11,48.75,18.78,4.48,18.81,0
51.18,24.34,51.11,9.64,15.35,17.59,0
0.8,29.66,52.27,53.75,1.26,22.15,0
10.54,24.63,54.32,35.73,3.5,18.98,0
19.01,26.09,53.59,49.5,5.3,18.95,0
29.78,34.27,63.71,32.72,9.02,14.82,0
2.96,31.24,79.23,13.2,1.36,15.53,0
24.14,29.95,66.28,20.25,7.38,13.87,0
12.07,34.39,86.56,22.89,3.77,15.56,0
7.58,32.4,83.16,58.38,1.5,11.77,0
2.12,37.23,47.59,0.34,0.2,12.27,0
30.07,27.7,42.93,59.14,11.28,9.42,0
2.57,27.85,92.68,58.83,2.0,9.76,0
5.56,23.49,44.79,59.77,0.19,12.98,0
5.14,27.86,48.9,28.6,-0.83,16.92,0
30.77,34.82,41.33,57.83,9.31,12.91,0
16.75,36.5,77.7,23.74,5.92,16.36,0
23.89,34.8,74.94,1.58,6.65,16.71,0
4.32,21.03,99.21,13.46,2.32,16.83,0
14.71,35.42,93.22,56.72,4.47,18.91,0
12.72,20.81,64.65,0.83,3.65,16.25,0
26.83,34.49,62.3,32.76,8.81,15.86,0
35.48,28.16,57.81,4.54,10.11,15.36,0
0.18,33.51,49.14,17.18,-0.23,16.19,0
16.81,23.34,48.29,5.29,5.71,14.23,0
0.8,35.86,47.94,51.57,0.21,13.29,0
11.94,22.68,46.85,35.46,5.49,7.17,0
5.09,26.66,54.43,54.13,2.22,7.09,0
5.5,25.01,58.4,41.3,2.28,6.28,0
6.53,21.23,97.69,58.26,1.91,11.14,0
14.56,30.47,74.71,30.59,5.24,6.11,0
6.1,39.03,99.26,38.32,1.51,6.07,0
19.79,43.33,62.35,34.58,6.22,11.28,0
7.78,30.49,67.46,29.06,1.42,12.95,0
1.06,35.58,59.47,50.76,1.36,12.79,0
22.97,31.16,50.97,38.67,7.18,11.35,0
5.05,32.49,48.59,48.08,3.5,11.95,0
8.5,28.29,96.7,47.18,4.94,8.98,0
17.35,30.98,99.21,11.46,5.97,6.63,0
6.06,32.69,42.69,39.01,1.89,12.59,0
0.87,27.11,49.02,11.98,-0.68,12.84,0
7.02,29.61,65.41,35.0,3.01,17.09,0
43.36,29.71,51.18,40.65,13.22,14.87,0
15.4,34.13,61.83,59.83,5.16,11.97,0
16.7,24.67,47.75,1.83,6.74,12.56,0
15.01,29.74,67.39,5.47,3.68,17.5,0
3.33,39.56,56.3,4.62,0.07,6.73,0
8.13,35.82,61.11,23.9,2.2,9.03,0
20.85,36.75,45.66,49.3,7.08,8.84,0
1.6,30.12,65.69,50.64,1.04,5.33,0
4.88,31.6,99.0,44.22,0.57,17.38,0
4.85,35.01,59.73,53.81,2.21,16.77,0
8.49,37.8,92.59,19.37,1.34,10.94,0
58.96,20.24,90.59,5.29,16.85,12.57,1
1.05,23.42,97.12,3.49,0.2,22.02,0
10.97,36.55,87.41,51.13,2.74,19.59,0
2.97,28.62,79.58,43.83,1.78,16.7,0
52.94,26.64,91.4,41.92,16.17,13.65,1
1.8,23.73,44.54,20.38,2.31,14.69,0
7.75,27.22,67.77,22.79,2.08,18.23,0
20.08,22.99,99.36,57.49,5.9,17.71,0
18.29,40.46,86.18,3.83,6.7,9.39,0
8.24,29.89,97.72,46.42,2.38,10.71,0
6.38,29.71,86.78,18.58,3.41,7.19,0
7.6,32.94,92.49,2.34,2.82,6.84,0
4.6,34.81,82.39,44.55,-0.97,9.52,0
3.45,34.73,85.63,19.85,2.21,6.07,0
9.9,35.37,71.39,43.33,3.88,9.2,0
4.69,26.85,95.45,42.46,2.36,14.13,0
5.08,28.51,89.5,32.09,-0.39,17.62,0
16.04,33.85,90.63,46.64,4.15,10.67,0
51.88,27.36,80.38,34.86,14.98,13.05,1
13.88,29.97,58.27,17.2,3.32,22.52,0
1.2,31.99,42.14,44.05,2.1,21.18,0
1.18,33.93,96.14,35.35,0.34,19.83,0
45.37,21.11,75.17,0.76,13.57,11.71,0
5.29,33.57,57.89,54.1,2.14,10.76,0
1.45,28.83,48.95,32.74,1.0,11.85,0
13.71,33.54,89.77,52.12,0.78,12.21,0
14.66,33.88,90.19,52.96,3.75,9.57,0
15.68,38.04,88.87,26.7,3.29,15.41,0
4.67,36.77,78.7,30.46,1.8,14.66,0
0.23,36.73,61.96,24.95,-0.22,16.27,0
50.29,37.22,58.24,26.97,15.1,16.07,0
4.33,31.46,40.51,53.71,-0.78,17.49,0
16.91,30.16,90.02,47.29,4.76,17.61,0
18.39,34.36,45.25,7.59,6.63,14.21,0
14.12,33.66,77.85,36.62,5.65,11.66,0
5.63,28.45,70.24,59.75,2.41,11.46,0
4.74,32.02,71.6,35.73,0.09,18.94,0
13.66,29.82,95.6,47.15,5.36,17.49,0
30.16,25.73,41.9,46.14,9.77,12.0,0
43.99,36.45,86.4,21.02,13.08,19.19,1
1.68,30.28,43.12,22.31,-1.52,22.23,0
2.52,40.24,42.29,43.44,1.71,25.32,0
43.43,21.87,65.79,30.0,12.44,20.47,0
20.01,27.22,43.78,34.23,6.35,14.3,0
32.18,30.16,87.35,42.77,9.72,18.88,0
3.4,35.69,71.77,46.65,2.56,17.77,0
13.29,32.0,41.74,16.29,3.86,15.53,0
18.12,31.55,42.43,8.81,5.42,12.29,0
17.1,24.36,76.76,17.51,6.71,10.18,0
7.87,24.22,88.37,30.45,1.7,9.47,0
0.23,31.61,66.27,20.53,0.88,6.95,0
13.12,23.18,73.27,34.1,3.74,13.42,0
4.38,27.34,87.99,3.21,0.31,14.66,0
8.97,32.5,76.63,30.59,2.69,18.12,0
47.4,25.09,53.49,22.08,14.91,20.89,0
7.64,38.03,76.78,32.08,3.65,19.92,0
27.47,36.12,77.7,25.35,9.72,21.6,0
3.13,22.14,84.05,17.05,0.65,22.12,0
16.74,25.34,77.25,54.25,4.04,16.14,0
56.59,18.57,98.15,11.09,16.66,16.14,1
1.61,26.09,51.84,40.88,-0.7,12.74,0
0.13,33.83,97.07,55.48,-0.18,19.92,0
8.53,27.93,72.3,32.32,2.22,15.82,0
1.46,32.3,80.32,52.58,1.16,9.7,0
20.7,22.39,45.97,7.49,4.0,14.82,0
36.9,33.99,62.83,29.63,10.34,11.5,0
8.54,27.22,86.16,27.42,1.84,15.06,0
4.49,30.06,82.41,0.49,2.53,16.15,0
8.55,29.54,42.41,26.6,1.45,14.01,0
19.28,23.64,72.8,22.14,6.01,10.18,0
0.14,24.23,45.3,40.19,-0.09,12.63,0
13.35,34.84,99.75,56.3,5.05,8.92,0
14.25,31.99,93.84,5.15,4.87,11.18,0
15.23,35.25,41.26,19.65,4.69,10.69,0
4.16,31.62,91.52,26.64,0.69,5.94,0
18.78,30.71,95.17,27.31,3.78,15.5,0
1.44,21.37,61.21,46.49,0.68,14.12,0
3.33,28.65,83.17,26.6,1.53,11.67,0
31.49,29.86,66.53,1.63,7.87,8.12,0
20.13,39.77,79.31,42.61,4.81,6.64,0
0.21,33.43,60.42,53.09,0.31,8.89,0
4.28,37.68,59.35,30.83,1.62,11.43,0
3.62,32.99,65.47,34.87,0.1,1.31,0
4.74,26.44,48.73,9.78,0.85,5.48,0
4.27,30.59,89.87,13.24,-0.56,5.98,0
0.97,31.18,60.92,14.11,1.67,7.64,0
9.21,25.3,64.01,25.84,1.46,10.47,0
19.79,28.08,93.64,55.69,6.48,10.01,0
14.0,28.97,69.8,31.31,4.16,13.92,0
16.76,38.03,72.66,11.53,6.32,20.36,0
1.27,19.6,97.39,15.97,-0.41,16.66,0
45.39,36.03,93.2,23.04,13.68,21.28,1
27.35,25.32,50.17,37.4,6.51,26.27,0
24.53,23.14,68.39,26.4,5.42,24.56,0
25.97,35.9,98.28,23.55,8.39,21.9,0
40.48,33.66,62.34,33.88,10.36,22.64,0
11.79,36.27,62.29,14.51,3.31,17.63,0
3.35,34.0,51.7,4.73,2.02,19.36,0
14.39,40.3,46.86,1.46,5.06,17.67,0
20.37,32.79,84.42,15.08,5.45,11.77,0
20.09,29.22,86.2,5.5,4.44,13.38,0
11.05,31.71,98.14,20.18,3.83,15.89,0
1.06,36.22,86.41,46.38,1.66,16.67,0
6.96,26.1,54.6,42.98,1.42,14.45,0
38.03,26.74,42.41,36.66,10.61,13.59,0
13.17,28.46,99.13,51.15,3.43,14.56,0
11.59,19.48,60.43,16.92,4.05,16.73,0
4.7,30.69,58.72,53.1,2.64,19.38,0
6.89,20.57,94.36,23.95,0.83,18.61,0
33.86,30.27,75.11,24.05,8.66,17.83,0
16.47,34.33,52.89,24.32,7.28,14.82,0
23.22,27.62,93.35,5.89,6.79,17.61,0
9.09,38.39,99.6,58.53,2.98,17.67,0
14.92,22.7,45.2,8.31,3.79,15.76,0
4.28,35.96,91.74,20.45,1.77,13.56,0
18.34,33.38,63.43,19.16,6.46,11.91,0
8.37,21.42,71.44,4.48,2.81,16.82,0
8.77,43.55,94.89,9.14,4.37,14.48,0
15.72,29.68,98.4,2.69,4.39,17.67,0
41.3,25.61,55.73,17.54,12.13,14.89,0
0.99,22.96,52.77,52.0,0.53,14.77,0
26.12,28.9,44.83,20.37,8.3,17.59,0
5.19,29.36,73.71,7.42,1.78,13.54,0
8.8,30.51,40.82,38.74,1.36,7.04,0
0.33,28.51,64.71,59.8,0.41,7.61,0
5.37,33.17,44.4,13.94,1.24,7.99,0
10.48,28.06,64.31,16.77,2.56,9.28,0
0.87,20.33,42.4,58.31,0.29,6.77,0
10.13,29.25,90.11,10.73,2.08,9.97,0
39.28,18.16,52.58,30.67,10.65,9.69,0
1.67,31.77,59.7,14.38,-2.11,11.33,0
21.69,25.1,92.2,55.94,8.25,12.09,0
7.91,30.82,84.78,58.89,2.93,16.15,0
15.97,36.57,53.14,48.88,4.67,8.05,0
4.52,25.26,44.31,18.89,0.69,7.33,0
2.61,35.31,82.94,24.21,-2.09,2.51,0
2.62,27.83,63.44,14.54,0.06,6.32,0
1.1,38.77,85.96,53.45,1.04,5.43,0
3.08,28.17,66.72,54.87,1.87,11.12,0
16.37,25.8,60.76,25.13,5.55,18.09,0
32.02,33.44,67.07,39.39,9.76,15.17,0
25.24,27.82,84.91,9.93,8.88,14.0,0
17.33,25.79,94.13,26.1,4.87,16.17,0
1.76,27.61,42.99,37.89,1.61,12.01,0
5.12,29.78,71.45,23.12,1.15,8.42,0
5.56,36.71,41.97,21.46,0.79,11.47,0
4.31,20.33,68.1,0.06,0.29,4.25,0
10.85,30.12,93.12,48.26,2.19,6.51,0
11.5,33.12,61.7,53.36,4.11,10.88,0
6.62,30.97,95.95,58.17,1.24,10.94,0
6.55,36.55,77.84,43.16,0.93,14.28,0
26.45,29.63,96.05,32.93,8.65,16.07,0
23.36,29.08,85.43,16.16,7.34,22.91,0
5.52,32.96,46.21,59.96,2.62,22.66,0
36.76,30.5,53.87,35.39,11.54,21.0,0
45.81,28.05,63.65,40.87,12.99,22.64,0
5.93,32.58,50.21,40.94,1.86,20.62,0
6.56,26.74,69.69,50.72,2.09,28.34,0
10.57,26.94,68.28,0.58,2.25,22.97,0
42.48,27.36,97.38,13.21,11.64,18.69,0
31.35,36.77,66.02,39.93,8.72,16.37,0
1.62,13.89,87.14,53.71,2.52,15.01,0
7.48,31.98,96.51,41.12,1.83,19.69,0
12.09,30.17,92.62,24.81,4.86,12.99,0
10.49,21.6,52.52,21.69,2.68,9.98,0
3.23,31.55,69.76,44.28,1.86,14.89,0
29.37,32.38,60.86,44.47,9.71,16.43,0
16.95,32.95,63.99,36.42,6.04,20.68,0
27.29,16.74,61.65,17.49,8.58,18.16,0
29.36,36.83,89.58,55.51,10.19,20.35,0
20.7,26.31,67.13,33.11,6.59,19.04,0
8.68,33.43,71.42,47.43,4.32,18.33,0
14.15,33.71,98.95,12.86,2.62,13.64,0
2.62,25.62,43.6,20.64,1.13,12.29,0
16.8,33.3,69.28,52.47,5.32,9.58,0
2.96,28.07,86.44,3.01,-0.05,7.72,0
17.76,19.64,49.07,30.74,5.91,6.94,0
3.91,35.84,76.69,28.9,-0.32,7.56,0
1.88,26.12,54.37,45.07,-0.09,6.64,0
2.71,25.73,92.04,16.91,-1.19,10.14,0
0.03,27.98,59.63,13.14,1.57,6.64,0
19.03,31.36,59.74,55.57,5.48,6.92,0
19.77,29.71,75.89,34.3,8.1,6.58,0
10.85,32.74,51.01,6.28,4.06,6.57,0
2.64,23.3,57.09,11.58,1.24,10.66,0
1.31,26.29,65.0,59.93,-0.19,11.57,0
0.29,29.42,61.22,11.74,-0.96,5.73,0
2.72,39.49,71.49,36.63,1.34,8.15,0
33.23,29.43,75.98,25.21,9.9,6.35,0
4.15,35.43,74.0,53.14,-0.1,6.12,0
6.56,30.19,79.25,45.31,0.45,6.04,0
1.67,27.58,58.46,35.82,-0.46,12.57,0
3.77,28.77,47.59,0.64,2.95,3.76,0
10.99,29.16,85.65,52.79,5.51,5.92,0
14.04,33.02,91.05,26.68,4.42,4.25,0
4.22,36.87,55.42,55.89,1.42,8.03,0
0.89,31.8,64.43,29.73,-0.07,5.8,0
7.44,35.94,69.91,41.65,1.3,11.52,0
4.0,25.18,72.0,4.16,2.58,11.64,0
3.72,27.93,79.57,44.71,2.99,13.59,0
48.23,26.38,42.5,20.28,13.58,14.03,0
14.37,31.57,83.29,21.08,4.23,14.06,0
12.21,28.21,43.72,7.12,3.21,14.2,0
8.06,33.65,68.1,8.81,2.0,14.11,0
8.4,25.34,89.66,11.15,3.71,10.73,0
11.68,30.22,67.07,19.69,2.19,12.76,0
17.88,33.43,48.95,53.52,5.83,10.45,0
18.17,19.67,99.1,22.1,6.18,9.72,0
2.83,40.61,93.36,43.46,0.71,11.41,0
10.4,28.58,86.28,4.96,4.01,11.26,0
7.96,19.87,64.69,35.47,2.54,12.36,0
30.66,30.79,51.03,28.91,10.42,13.21,0
14.97,30.17,96.48,58.68,2.97,11.91,0
11.41,29.59,71.94,50.77,3.07,12.61,0
1.84,34.96,91.14,27.29,0.48,10.35,0
13.96,33.74,60.53,46.51,1.51,8.78,0
1.87,31.49,60.12,11.58,-0.52,7.19,0
6.17,32.25,99.13,33.74,1.04,4.29,0
2.31,29.48,71.31,4.48,1.64,7.02,0
17.67,38.88,48.44,20.89,4.59,14.07,0
3.46,22.6,53.18,13.55,0.22,14.21,0
7.46,30.7,68.92,43.13,3.06,12.24,0
33.9,30.33,42.55,29.41,8.55,11.83,0
3.43,34.07,67.75,45.06,-1.04,10.22,0
10.63,25.78,65.14,30.92,2.83,13.13,0
8.15,21.28,86.76,5.19,1.0,11.5,0
0.27,30.78,61.3,44.12,-1.33,9.0,0
23.61,31.41,98.95,49.99,7.66,9.81,0
1.07,37.45,50.85,54.21,1.2,9.36,0
9.64,23.65,75.46,34.32,3.68,8.94,0
12.34,35.77,45.38,45.22,4.81,10.99,0
14.85,41.84,84.03,45.12,5.7,10.16,0
17.5,28.11,99.69,9.34,3.12,11.1,0
4.38,23.55,89.15,9.85,1.76,12.03,0
0.15,27.97,73.34,4.25,-0.48,12.98,0
19.28,30.07,69.08,19.19,5.04,12.99,0
11.51,32.82,90.1,28.41,4.01,16.11,0
27.13,27.04,96.16,59.87,6.41,15.34,0
25.84,37.78,99.35,25.86,6.0,16.06,0
27.8,24.43,63.79,43.57,8.97,21.25,0
9.96,21.3,99.46,41.6,3.47,17.64,0
6.09,35.53,49.36,12.27,1.96,13.55,0
23.52,18.63,55.21,3.51,6.18,18.72,0
9.0,28.98,45.34,32.76,3.44,17.73,0
3.04,45.59,56.3,42.02,1.59,15.28,0
28.96,29.94,86.08,59.9,8.77,16.18,0
32.13,24.4,91.18,21.52,8.46,12.54,0
9.42,29.71,86.73,53.78,2.4,13.83,0
1.18,29.75,77.86,22.92,1.19,20.7,0
7.36,30.8,70.84,41.36,3.54,15.45,0
24.41,33.31,82.52,35.9,7.0,11.81,0
34.81,24.8,63.45,3.18,10.19,16.86,0
3.41,38.44,90.48,4.7,0.86,17.52,0
1.04,31.23,80.63,1.25,0.59,15.22,0
31.48,33.63,81.87,22.25,8.86,21.19,0
7.4,26.86,72.16,44.75,-0.67,13.13,0
11.71,36.43,93.11,10.37,4.7,18.04,0
51.66,28.71,55.12,36.35,17.29,17.46,0
1.03,31.39,62.87,17.33,-0.3,14.43,0
15.68,25.33,86.66,47.82,3.64,15.51,0
1.15,25.02,69.56,47.9,0.21,19.82,0
7.06,33.44,93.35,46.52,1.93,19.05,0
24.43,27.78,60.78,31.49,8.32,24.4,0
8.52,25.73,62.16,17.07,2.61,18.99,0
88.08,26.78,93.32,48.57,25.63,22.43,1
12.28,33.49,67.86,11.17,2.37,22.48,0
5.81,26.85,70.97,17.39,2.61,18.95,0
3.73,29.41,59.97,11.04,1.72,16.79,0
6.47,30.08,56.6,40.45,3.0,6.46,0
6.99,20.41,79.36,41.17,1.13,6.3,0
1.07,22.64,47.19,39.15,2.16,11.26,0
6.92,31.68,92.76,24.94,0.33,7.7,0
9.36,26.31,86.75,6.01,3.52,10.05,0
19.24,35.28,51.44,54.67,3.86,10.75,0
16.04,34.83,81.64,30.46,4.02,10.04,0
18.5,33.6,76.16,24.42,7.11,11.69,0
0.13,39.1,51.07,35.33,0.87,14.11,0
3.68,29.58,56.39,11.57,0.56,3.59,0
16.26,33.24,64.54,7.95,4.36,9.24,0
9.92,27.08,81.95,24.33,3.08,7.48,0
0.08,42.26,78.32,13.63,0.54,10.26,0
24.48,39.92,71.93,14.66,8.6,17.08,0
22.23,30.06,86.1,53.55,6.21,14.27,0
11.93,31.93,85.48,31.85,1.97,15.43,0
1.03,36.8,77.07,29.01,0.47,16.62,0
21.82,29.26,87.22,41.37,6.09,17.79,0
13.15,26.72,60.06,57.09,2.64,13.04,0
22.85,34.37,92.87,6.73,7.15,18.51,0
20.9,30.39,76.89,50.01,6.06,14.97,0
24.37,30.91,89.34,35.04,7.62,14.82,0
10.95,25.83,72.78,8.77,2.39,17.09,0
2.27,21.41,53.11,17.83,1.17,16.35,0
16.68,31.18,72.54,28.94,3.69,13.3,0
14.53,34.52,62.27,41.47,3.53,7.39,0
20.34,28.87,81.85,14.56,5.86,13.49,0
2.79,37.18,68.55,32.09,2.58,17.86,0
3.25,26.48,90.17,41.08,1.76,17.61,0
33.17,24.73,80.68,26.92,11.03,22.27,0
20.79,29.66,81.07,51.78,7.66,16.94,0
35.83,29.59,53.03,52.17,14.35,20.57,0
21.33,33.85,99.05,28.24,6.44,27.88,0
13.64,26.13,90.5,58.38,5.51,20.56,0
15.93,36.84,87.34,4.54,5.79,23.21,0
32.99,39.83,59.81,0.2,10.89,20.29,0
12.97,29.8,72.14,22.84,5.67,15.02,0
15.01,36.25,48.23,36.07,4.08,14.37,0
2.55,24.72,72.31,37.75,0.27,12.28,0
9.63,35.38,48.75,28.59,3.21,12.21,0
18.9,35.24,73.18,7.49,5.49,11.11,0
4.74,34.32,78.92,10.23,1.74,9.9,0
3.39,29.92,63.41,51.13,2.58,7.09,0
5.65,15.23,69.91,52.07,1.22,9.04,0
4.15,26.79,92.54,40.43,0.94,9.28,0
3.63,26.87,46.51,39.85,1.26,8.45,0
8.3,25.11,87.5,35.86,2.26,12.42,0
35.76,30.61,50.25,12.18,8.81,12.81,0
10.61,27.91,42.2,25.7,2.6,9.46,0
3.12,25.88,51.13,41.75,1.62,9.94,0
1.2,24.71,85.9,32.24,1.8,14.61,0
17.87,26.42,64.31,1.11,4.21,13.64,0
7.24,35.61,92.35,57.21,1.01,11.35,0
25.88,26.69,71.48,50.69,7.79,14.31,0
16.16,27.43,41.34,15.63,2.77,15.03,0
23.86,27.72,83.0,36.99,6.71,15.71,0
4.76,31.69,46.61,55.39,-0.31,17.68,0
17.68,32.28,87.36,5.76,6.67,19.29,0
4.6,14.78,50.09,30.18,0.61,15.96,0
41.97,35.11,60.73,27.37,14.24,11.67,0
15.17,37.18,85.68,24.61,5.67,13.44,0
5.88,24.75,97.25,50.14,1.12,9.45,0
4.71,25.14,62.29,22.84,0.34,12.08,0
3.18,27.75,89.76,3.82,0.76,9.82,0
17.79,26.22,51.45,3.95,5.23,4.09,0
3.7,31.12,88.43,2.56,1.46,3.98,0
13.57,20.27,79.45,24.55,3.29,7.38,0
4.61,24.41,51.56,43.1,2.13,17.49,0
16.27,37.7,58.15,12.22,5.15,15.2,0
25.31,25.36,47.91,38.79,7.25,14.21,0
22.58,36.22,62.98,41.23,6.06,15.42,0
21.46,31.78,52.22,15.31,6.25,14.64,0
3.12,20.95,78.64,36.03,0.12,14.64,0
1.39,33.18,99.67,41.09,0.47,11.76,0
18.01,29.41,40.72,28.0,5.49,7.61,0
6.89,27.72,72.46,20.2,2.33,6.71,0
8.49,31.22,74.42,37.15,4.31,7.3,0
0.47,32.37,94.85,58.67,0.01,9.71,0
4.51,33.54,70.36,25.61,2.36,7.19,0
0.51,35.89,72.62,23.5,0.38,8.19,0
31.7,32.04,68.3,27.86,9.27,3.15,0
4.18,23.12,56.13,4.57,1.14,10.6,0
12.22,27.63,43.36,33.19,3.61,7.8,0
0.6,44.72,64.52,19.72,0.46,16.3,0
16.49,33.62,43.16,7.29,3.99,15.02,0
5.85,41.85,73.03,27.98,0.29,15.66,0
34.23,36.98,58.44,0.2,10.92,20.06,0
32.85,31.21,72.02,24.11,10.75,28.64,0
5.9,31.51,48.06,6.34,2.52,32.61,0
34.68,29.82,95.96,1.46,10.56,35.57,0
83.43,21.31,93.67,49.47,25.79,30.39,1
26.18,30.09,51.4,54.97,8.57,26.05,0
27.95,36.05,60.61,12.46,9.17,28.4,0
4.3,27.0,76.81,32.36,0.43,23.88,0
12.9,32.06,45.74,16.68,2.77,25.36,0
1.04,34.26,61.27,29.61,-0.08,20.1,0
1.5,25.45,55.07,26.2,0.43,20.15,0
102.09,27.74,94.93,16.14,30.38,23.99,1
5.93,24.91,91.15,42.02,-0.1,27.83,0
20.69,25.89,74.79,7.59,7.93,36.09,0
24.65,23.56,71.22,3.18,7.12,38.51,0
29.28,25.5,95.84,46.06,8.96,24.33,0
90.66,37.1,95.95,39.96,28.44,25.26,1
4.15,25.42,98.16,29.91,-1.1,20.17,0
0.62,30.63,47.52,28.07,-0.33,18.86,0
7.94,27.49,49.63,29.84,2.0,15.45,0
2.09,35.89,80.6,26.22,0.29,4.33,0
0.34,36.56,72.49,23.57,-0.07,7.36,0
6.7,34.32,41.11,29.98,3.46,7.23,0
22.97,31.53,43.72,31.71,7.56,10.45,0
12.53,28.84,93.28,41.51,4.72,7.95,0
5.63,24.04,92.13,42.67,1.74,9.89,0
15.93,39.72,61.44,22.66,3.38,10.23,0
3.96,26.2,93.46,24.81,-0.89,9.46,0
0.22,33.32,75.62,22.42,-1.46,12.54,0
21.68,35.3,88.35,32.19,6.86,11.7,0
14.66,27.22,65.65,27.2,4.43,12.01,0
21.55,35.19,46.8,53.38,6.26,13.81,0
0.6,33.82,66.02,41.78,-0.19,13.18,0
27.22,38.64,67.44,53.92,10.18,17.9,0
14.5,27.65,73.06,42.55,3.53,18.66,0
12.43,23.57,46.33,58.26,4.66,17.4,0
14.7,27.47,99.48,38.14,4.41,14.69,0
29.97,31.04,54.65,57.81,8.93,22.81,0
13.26,30.29,51.91,9.49,5.16,24.29,0
13.05,28.03,71.61,3.15,5.38,20.58,0
70.13,20.45,72.23,34.75,20.8,26.75,0
21.2,32.35,66.39,59.01,7.16,24.66,0
8.76,39.86,86.31,25.06,2.99,24.53,0
18.43,32.32,71.0,12.72,5.54,18.4,0
7.4,33.05,76.58,31.29,2.42,16.35,0
3.9,32.86,83.42,38.93,0.48,21.41,0
13.63,31.99,41.5,18.91,3.78,17.9,0
39.5,34.66,74.24,42.89,11.27,16.25,0
39.71,31.98,93.05,58.51,12.81,13.1,0
6.28,28.44,41.04,53.82,1.79,30.18,0
11.25,26.02,64.31,17.5,2.08,34.44,0
3.57,28.76,95.57,19.6,0.35,29.62,0
81.5,31.57,61.19,22.29,21.25,29.47,1
59.54,28.42,67.52,23.67,17.37,31.01,0
15.73,31.57,98.89,6.02,4.76,31.36,0
24.48,32.2,51.96,45.72,7.21,30.19,0
18.83,34.17,43.92,21.92,7.63,23.53,0
13.49,36.41,91.57,52.79,4.62,13.92,0
0.82,30.39,92.11,55.62,0.78,17.6,0
9.1,23.46,68.32,1.47,1.09,13.0,0
16.85,28.27,70.85,59.31,4.69,15.97,0
16.98,30.22,90.15,42.6,4.61,13.51,0
7.01,20.82,84.31,31.22,1.32,17.05,0
42.63,36.94,55.91,23.37,11.99,16.54,0
2.75,30.71,41.01,31.11,-0.98,14.61,0
10.41,31.91,68.78,19.48,1.85,14.36,0
17.61,36.83,91.53,37.36,6.16,16.82,0
17.92,26.85,93.75,5.58,5.23,8.44,0
15.69,32.87,97.37,37.27,4.2,11.9,0
4.83,29.45,92.77,16.52,1.44,14.61,0
2.55,29.08,74.8,1.06,1.93,11.01,0
15.16,26.14,66.68,33.16,4.55,9.02,0
13.72,38.33,86.49,34.71,4.66,12.34,0
2.96,28.12,84.39,25.59,0.04,12.29,0
18.32,33.5,72.29,4.34,4.88,16.76,0
9.11,20.62,45.24,53.6,3.09,8.42,0
16.53,35.9,95.56,36.69,6.85,11.7,0
27.24,35.26,67.34,6.94,9.6,15.53,0
2.79,30.49,61.8,30.66,1.42,16.65,0
0.29,28.87,77.77,29.84,0.24,11.59,0
22.65,32.0,80.43,3.62,8.2,18.48,0
14.11,41.44,52.64,36.41,5.03,18.94,0
18.04,21.18,90.22,48.5,3.12,18.17,0
27.32,33.91,57.4,44.94,7.14,24.76,0
24.35,25.44,51.2,12.18,7.64,23.24,0
48.63,29.9,64.38,51.74,12.8,20.44,0
11.52,28.76,83.83,20.55,2.56,17.89,0
10.06,27.86,97.93,56.79,2.32,18.12,0
7.71,29.95,88.56,4.3,2.06,12.77,0
2.5,24.33,96.42,29.17,0.46,12.07,0
12.75,35.15,48.44,35.83,3.54,14.36,0
4.87,21.03,44.27,14.86,2.28,16.73,0
38.13,32.7,73.46,46.28,11.17,14.14,0
13.13,28.37,57.42,37.61,3.55,13.09,0
13.48,24.15,89.68,1.09,2.69,10.03,0
6.58,31.01,80.32,36.5,3.0,9.53,0
0.8,22.22,98.24,29.49,-0.43,8.51,0
0.48,30.2,55.29,11.76,-0.94,6.11,0
8.26,22.89,69.15,59.74,2.69,11.35,0
1.33,32.31,70.07,53.83,-0.37,12.05,0
14.0,25.38,54.35,17.55,3.68,13.6,0
31.93,27.75,75.41,32.46,9.84,16.18,0
32.17,31.47,66.6,18.99,9.33,18.27,0
16.14,26.14,66.8,46.53,7.15,20.48,0
3.56,29.71,61.76,55.82,0.99,24.99,0
29.82,22.43,41.02,21.53,9.56,18.41,0
32.59,33.15,71.33,48.34,7.83,17.64,0
3.28,38.82,60.11,29.9,0.12,18.64,0
20.06,43.96,40.08,23.79,4.93,26.56,0
5.06,30.46,58.48,56.31,0.56,22.88,0
24.34,33.94,56.72,30.62,7.72,24.5,0
88.38,21.1,63.61,28.04,27.55,24.99,1
0.46,37.51,47.91,40.35,0.48,35.08,0
34.15,33.88,70.46,15.67,10.02,31.84,0
14.62,27.58,81.55,19.49,3.75,34.58,0
54.39,36.19,77.81,55.92,17.43,21.34,0
9.38,28.73,88.23,40.71,4.89,21.65,0
28.2,27.71,67.12,49.6,8.59,16.47,0
0.97,32.38,71.15,16.27,1.23,24.71,0
6.13,24.68,88.62,32.63,2.18,16.45,0
1.04,35.11,65.66,58.28,1.07,24.32,0
55.54,24.72,82.1,19.12,15.5,20.22,1
25.47,24.75,66.08,9.63,7.15,24.41,0
28.71,25.45,65.06,30.65,9.01,20.21,0
41.7,33.8,85.61,23.27,13.72,22.39,1
1.33,26.92,50.49,9.57,-0.42,15.78,0
7.31,23.26,60.32,53.31,0.16,11.54,0
1.11,26.97,53.45,59.44,-0.17,9.41,0
3.55,29.84,61.55,34.11,2.08,1.71,0
3.91,24.1,53.82,46.48,-0.41,2.55,0
9.5,24.24,74.76,51.54,1.67,4.87,0
4.69,40.56,87.89,42.06,1.56,4.11,0
1.6,25.7,87.2,2.65,0.36,9.91,0
2.75,28.38,61.87,9.46,1.42,16.44,0
2.39,28.16,99.33,4.26,-0.51,17.35,0
54.22,27.89,75.63,0.59,15.94,19.64,0
21.36,33.11,63.96,18.36,7.6,19.82,0
51.52,34.74,90.13,23.54,14.26,25.1,1
8.69,28.47,83.79,14.46,4.08,24.47,0
4.89,23.82,84.96,3.88,0.4,17.18,0
24.01,36.37,51.77,31.79,8.05,11.22,0
5.92,29.52,68.1,16.4,1.4,9.57,0
5.34,38.65,91.71,47.76,0.46,6.8,0
3.97,18.77,70.24,0.48,0.69,7.71,0
2.08,30.98,81.01,50.55,1.17,4.95,0
4.45,39.59,75.28,57.29,1.33,3.93,0
6.59,28.23,90.54,42.97,3.09,8.49,0
16.81,28.87,57.07,44.02,6.48,4.92,0
0.97,31.48,74.53,56.01,-0.89,6.4,0
3.55,27.21,47.39,12.54,-0.19,11.74,0
24.83,28.44,81.41,59.67,6.15,13.4,0
2.38,28.31,83.92,46.41,-0.18,9.43,0
6.29,26.86,42.57,43.59,2.99,12.62,0
30.0,36.14,80.55,21.67,9.56,11.93,0
2.52,32.31,64.88,32.75,0.21,8.73,0
1.3,31.25,47.45,39.24,0.38,10.15,0
9.94,34.04,65.19,37.22,4.39,13.22,0
5.4,28.68,51.65,42.3,3.53,9.33,0
12.43,26.13,64.93,4.94,3.99,14.21,0
24.43,26.99,63.06,21.34,4.67,10.76,0
2.21,30.01,84.3,26.04,0.96,9.73,0
13.04,24.7,86.45,15.64,4.85,8.91,0
10.56,27.5,76.42,10.36,3.39,10.19,0
2.33,27.42,41.36,8.34,1.43,11.96,0
14.67,40.62,95.86,21.98,4.76,10.07,0
4.8,16.13,81.17,29.61,0.2,6.47,0
10.04,29.1,42.05,3.78,2.12,6.9,0
1.29,38.63,89.13,56.79,0.07,7.61,0
9.23,30.61,52.02,45.91,3.83,6.3,0
5.49,33.77,74.75,43.85,0.88,9.01,0
25.92,30.5,68.0,10.37,8.23,7.6,0
0.88,26.66,65.19,36.23,0.57,9.09,0
8.13,18.79,93.38,31.78,4.03,12.67,0
9.2,31.03,66.24,58.95,2.72,13.09,0
19.37,26.12,44.52,44.86,4.05,9.64,0
12.81,26.0,96.8,34.55,4.49,12.74,0
16.5,27.51,95.23,51.05,7.09,15.4,0
22.51,38.72,81.07,9.31,7.47,13.7,0
29.73,42.02,68.07,0.91,8.13,14.3,0
5.65,31.09,45.57,41.41,0.61,28.22,0
11.58,27.68,87.44,5.9,2.52,28.13,0
27.5,24.11,44.53,6.93,10.25,25.58,0
68.28,32.34,44.12,44.68,20.16,21.95,0
33.04,38.91,72.24,16.23,9.25,20.68,0
6.97,28.76,49.61,37.72,1.93,25.03,0
3.26,18.11,40.46,55.04,0.66,21.47,0
10.08,33.35,65.39,18.99,4.59,11.87,0
20.3,34.93,48.23,13.03,5.08,11.36,0
10.18,22.07,49.63,6.39,4.23,10.08,0
9.9,30.88,44.61,7.83,3.09,15.47,0
27.32,32.26,52.31,3.73,9.4,15.48,0
6.73,29.63,82.93,5.26,3.6,13.05,0
29.47,26.05,88.54,25.92,8.93,13.87,0
7.83,35.08,67.15,19.25,2.03,15.27,0
5.97,27.98,70.39,42.39,1.86,12.27,0
9.08,22.57,41.96,52.21,2.63,13.2,0
21.56,19.75,44.16,47.09,4.81,14.77,0
2.02,36.3,55.45,31.84,2.16,14.79,0
3.28,33.08,72.63,6.15,1.23,12.13,0
45.38,30.44,84.37,42.59,12.45,13.37,1
2.89,27.8,76.3,21.77,-1.2,14.05,0
12.58,27.36,63.53,5.14,1.45,16.02,0
12.99,24.62,47.1,50.55,4.67,13.41,0
10.09,27.84,86.85,20.29,2.41,11.23,0
15.52,19.4,61.83,13.09,4.2,8.71,0
3.92,26.32,84.16,52.29,1.66,12.08,0
12.07,28.45,70.78,54.13,3.1,9.54,0
6.98,33.05,84.32,20.34,2.64,7.19,0
16.26,29.8,94.44,21.29,4.97,7.31,0
2.28,33.97,95.26,34.78,0.6,12.69,0
12.69,36.75,72.11,44.01,2.23,7.53,0
3.07,35.29,70.69,3.79,0.1,11.16,0
4.9,32.35,55.94,35.6,2.07,5.1,0
3.7,30.06,96.15,57.17,0.43,9.88,0
3.03,25.1,67.48,15.73,2.11,7.11,0
26.21,33.7,47.66,54.53,10.21,19.25,0
5.05,38.4,65.96,57.01,2.17,21.62,0
39.28,31.71,47.62,16.15,13.28,21.84,0
52.56,39.59,70.15,45.25,16.49,19.14,0
12.7,22.37,73.68,14.33,3.28,22.5,0
2.31,24.23,60.27,44.26,0.89,19.61,0
7.04,34.28,44.3,47.85,4.13,14.93,0
23.97,31.32,96.61,14.83,6.67,8.63,0
6.87,36.57,86.4,42.95,1.02,9.4,0
1.37,29.92,90.33,48.73,-0.72,17.89,0
12.21,25.66,62.01,21.51,3.44,14.26,0
27.98,28.93,85.65,10.06,7.39,15.3,0
23.84,22.34,69.12,5.52,8.83,14.77,0
2.89,24.36,52.07,34.52,1.08,11.08,0
16.76,34.86,47.47,58.69,6.0,18.14,0
3.74,34.36,60.7,49.38,0.82,13.34,0
3.69,31.82,48.25,26.15,-0.03,7.5,0
31.08,21.39,99.9,32.2,8.01,10.06,0
4.31,28.21,42.95,16.77,0.38,9.11,0
4.58,23.88,66.47,9.78,1.72,17.21,0
0.01,35.88,67.13,28.92,0.52,17.21,0
30.68,27.08,58.04,27.81,9.81,13.97,0
23.6,24.57,74.28,31.32,5.59,16.38,0
14.81,30.15,49.0,57.17,4.44,11.35,0
20.81,26.8,87.03,36.23,5.22,13.94,0
2.47,37.42,59.95,36.35,1.14,10.76,0
9.2,26.33,75.48,7.68,3.24,13.79,0
6.49,23.0,82.94,59.79,0.77,10.5,0
1.48,19.24,93.34,46.37,1.41,6.34,0
9.99,29.85,90.15,52.63,5.33,7.25,0
38.03,27.19,76.5,24.86,12.24,11.13,0
0.61,22.86,63.3,30.13,0.02,7.79,0
5.17,35.95,70.19,31.33,1.23,13.57,0
3.49,33.34,86.12,11.65,0.84,15.34,0
4.08,29.86,92.65,41.37,0.46,9.41,0
35.86,36.82,46.23,54.18,11.01,13.11,0
9.47,33.31,63.09,9.82,1.7,13.4,0
9.42,25.89,86.57,5.18,0.94,12.4,0
21.44,24.8,65.9,44.29,6.65,13.55,0
2.52,34.09,59.93,16.39,0.78,11.19,0
10.02,31.98,64.68,37.43,2.43,27.64,0
8.43,30.85,76.17,41.75,1.25,26.12,0
13.63,25.77,99.99,19.31,4.38,19.68,0
115.85,33.04,69.58,48.91,33.77,30.49,1
22.01,26.22,52.51,33.0,6.46,29.96,0
7.61,29.49,49.77,52.14,4.05,27.36,0
26.36,37.23,42.54,45.8,8.56,26.04,0
2.81,26.7,73.53,52.11,-0.53,8.72,0
0.46,22.14,72.67,1.21,-1.14,9.23,0
3.43,24.74,52.31,14.61,1.18,10.9,0
6.24,34.97,81.72,5.4,0.5,10.71,0
10.72,31.27,84.47,26.52,1.21,16.71,0
14.32,29.36,55.55,53.4,4.83,10.02,0
36.22,27.45,60.65,28.05,11.19,13.1,0
10.7,32.43,99.43,50.98,3.66,9.61,0
10.44,25.75,62.46,19.63,3.39,13.9,0
0.77,31.53,85.65,20.37,0.17,8.17,0
0.53,26.34,67.16,53.73,-0.5,7.41,0
12.02,25.51,87.6,25.55,4.12,7.65,0
8.65,26.81,86.14,47.39,4.12,8.02,0
27.41,28.12,80.07,14.2,7.72,7.46,0
2.63,29.76,91.29,56.93,-0.23,7.99,0
0.38,31.18,96.35,34.47,-1.02,7.19,0
8.94,11.56,74.8,45.56,1.82,8.59,0
4.07,25.96,54.25,5.37,1.42,8.39,0
0.76,28.04,63.92,29.56,-1.91,8.42,0
19.34,37.53,85.5,54.06,6.24,7.05,0
1.77,24.6,79.05,52.62,1.18,11.02,0
14.06,30.81,50.67,2.81,2.42,8.26,0
4.95,37.48,43.07,18.22,0.51,8.69,0
2.86,23.44,80.98,26.6,0.94,9.44,0
7.16,31.97,55.06,10.34,2.01,12.73,0
24.25,25.99,69.98,43.8,7.79,8.56,0
7.47,27.48,84.8,11.07,2.1,10.3,0
20.84,25.98,73.76,20.8,7.52,12.75,0
2.01,26.34,45.0,39.8,0.28,13.25,0
22.23,43.61,51.13,28.93,5.69,15.26,0
4.06,34.22,53.16,44.31,0.15,18.39,0
16.97,35.51,55.47,57.67,5.83,13.69,0
12.51,32.46,73.92,6.99,3.78,15.69,0
39.71,21.97,70.24,42.57,12.55,14.24,0
7.35,31.97,52.19,13.82,2.82,12.09,0
1.03,35.36,44.05,24.87,-1.71,12.0,0
0.29,25.73,50.29,1.97,-1.05,15.44,0
26.3,34.83,99.06,8.15,6.87,10.43,0
11.16,33.52,68.11,19.19,2.53,10.11,0
22.39,39.26,92.04,20.52,6.3,9.52,0
4.01,27.91,90.93,53.98,2.2,16.42,0
6.35,24.51,70.69,44.51,3.1,16.45,0
0.46,28.19,82.4,58.33,-0.16,22.15,0
48.85,37.18,51.57,35.94,14.4,16.38,0
16.53,20.86,81.3,14.5,4.25,23.68,0
40.59,19.66,56.34,19.66,12.27,24.25,0
4.63,30.45,89.92,19.19,1.59,23.74,0
14.18,27.79,45.02,19.59,5.06,19.38,0
17.02,30.04,86.39,40.38,5.9,26.09,0
5.73,34.73,46.0,31.85,-0.58,20.33,0
28.27,27.24,92.87,23.13,8.33,21.46,0
44.11,20.63,58.25,8.95,14.62,20.75,0
32.42,40.22,79.26,1.33,9.29,18.07,0
20.15,25.01,69.25,13.13,7.18,26.58,0
4.87,24.7,61.98,6.45,1.16,22.92,0
4.96,35.52,78.73,47.13,1.66,19.12,0
49.6,28.08,96.85,6.75,13.74,16.69,1
0.16,29.68,42.48,43.45,-1.05,16.19,0
18.88,32.41,95.13,23.14,6.39,28.59,0
18.38,35.42,76.54,4.4,6.39,26.45,0
14.62,28.33,88.44,48.76,4.41,20.86,0
69.24,37.6,63.03,34.78,19.54,19.55,0
5.61,19.32,68.31,14.15,1.73,14.49,0
6.23,33.8,92.13,53.68,3.13,12.12,0
1.23,25.8,64.89,2.72,2.11,18.73,0
8.77,36.86,72.08,12.11,2.32,7.46,0
4.54,30.71,41.21,45.12,-0.3,12.36,0
6.31,26.64,49.52,42.56,2.73,13.64,0
26.99,33.31,78.5,17.36,7.82,15.07,0
41.11,34.47,83.02,3.72,13.28,19.73,1
3.08,33.21,74.96,51.48,1.21,21.41,0
6.99,24.85,48.6,18.82,1.21,20.17,0
39.6,27.58,66.72,11.74,11.94,12.07,0
0.96,29.98,61.31,30.96,1.6,11.7,0
1.45,29.79,69.74,54.61,0.29,8.9,0
2.67,33.75,92.22,2.61,-0.24,15.78,0
13.57,19.93,86.55,45.95,2.48,9.47,0
2.45,31.67,45.04,34.35,-0.04,9.63,0
51.67,28.55,93.42,25.53,15.09,13.35,1
8.88,25.81,68.31,44.64,3.48,12.49,0
10.44,26.29,84.63,57.95,2.01,16.64,0
4.25,28.93,48.4,13.75,2.83,16.85,0
9.55,11.99,80.24,8.62,1.53,13.66,0
16.27,26.49,54.18,54.77,7.21,16.35,0
20.87,25.62,66.3,40.14,7.99,14.19,0
21.03,32.66,41.01,26.28,6.45,18.75,0
12.94,25.97,49.1,34.4,2.23,22.22,0
35.21,28.92,45.52,44.74,10.51,20.29,0
25.51,37.71,54.38,46.38,7.27,18.9,0
21.22,34.97,46.0,55.19,5.09,15.94,0
0.86,34.51,81.51,25.61,0.55,14.88,0
0.1,27.5,41.74,17.6,-0.79,11.4,0
3.58,32.72,77.06,38.38,0.36,8.92,0
16.34,28.83,48.44,24.94,4.7,6.91,0
7.94,29.02,96.71,35.68,1.81,14.25,0
7.72,32.05,95.99,25.2,4.39,20.19,0
32.39,27.02,53.53,9.18,9.18,20.9,0
33.89,37.47,76.87,28.17,10.61,18.32,0
35.98,29.2,41.68,41.46,10.94,17.18,0
5.65,33.09,95.91,47.96,2.05,18.6,0
17.62,37.28,71.38,29.6,5.71,18.81,0
4.75,35.16,42.59,9.91,2.31,9.29,0
3.17,22.96,60.55,24.88,1.22,9.34,0
3.06,32.22,44.61,47.18,1.14,13.17,0
6.28,34.25,63.58,24.77,1.94,7.85,0
8.43,34.46,80.2,41.79,2.39,8.56,0
26.66,24.43,68.19,30.43,7.09,12.12,0
1.92,26.71,63.02,14.47,0.51,11.77,0
19.92,34.97,47.15,47.77,6.22,10.22,0
11.37,26.19,54.7,5.05,3.81,10.18,0
5.09,28.5,46.01,31.49,1.71,10.54,0
10.18,37.88,88.45,12.53,2.82,12.44,0
5.35,29.76,48.11,4.02,1.55,7.47,0
13.6,26.37,75.72,30.18,3.53,6.62,0
8.53,25.61,60.56,29.97,2.87,9.06,0
2.69,31.66,53.56,42.41,0.59,10.91,0
1.86,23.33,78.37,44.69,0.74,10.8,0
11.87,28.76,67.42,43.67,4.56,10.77,0
34.91,31.67,64.01,24.57,9.76,11.82,0
6.32,36.5,75.57,37.9,2.49,24.07,0
19.81,33.34,69.48,34.62,5.98,21.76,0
16.12,26.43,58.21,25.29,6.86,24.98,0
40.23,35.89,73.54,35.83,11.85,22.92,0
25.8,28.5,80.17,56.83,8.44,23.18,0
12.54,23.82,41.6,11.57,3.78,22.55,0
16.05,29.14,67.95,54.35,3.43,20.56,0
34.3,37.19,43.46,3.21,9.77,11.41,0
7.65,30.83,51.18,18.5,3.18,11.6,0
5.94,30.06,73.63,17.29,1.35,16.47,0
0.16,38.19,91.97,37.58,-2.17,13.46,0
26.28,22.84,92.97,7.87,7.85,15.04,0
24.22,23.57,44.2,52.94,6.17,11.03,0
1.65,21.92,65.15,49.71,0.63,14.82,0
12.9,31.86,74.98,39.12,5.42,18.39,0
9.35,30.83,48.82,27.5,3.58,19.93,0
1.9,37.71,85.93,55.98,2.11,13.81,0
59.11,31.22,84.65,49.84,17.17,15.62,1
3.63,27.98,94.2,29.96,0.94,14.51,0
1.04,30.01,40.51,42.11,-0.73,15.42,0
13.55,30.59,53.0,34.02,3.38,19.68,0
20.14,21.64,89.63,35.28,5.12,9.19,0
0.49,43.55,80.23,19.86,-1.16,8.52,0
16.13,32.6,93.66,27.73,6.2,8.96,0
11.4,31.05,43.43,4.69,1.33,12.56,0
1.63,33.08,75.82,21.44,1.86,8.9,0
2.84,33.55,74.14,41.75,2.1,15.99,0
12.59,29.3,42.14,57.19,4.28,15.08,0
5.27,26.84,70.81,57.78,0.47,21.7,0
41.79,33.0,76.57,33.34,10.95,22.88,0
25.62,31.93,51.48,36.4,7.14,31.26,0
61.63,25.95,56.4,11.14,19.11,28.04,0
4.51,37.1,78.42,41.72,1.36,31.43,0
52.46,31.47,68.1,4.24,14.69,23.57,0
8.46,33.65,91.48,17.08,3.69,14.48,0
6.4,36.96,60.54,40.1,3.61,14.78,0
0.77,30.11,56.0,18.62,0.01,11.14,0
0.81,31.58,99.09,2.99,0.35,8.46,0
17.67,34.05,94.67,49.91,3.79,9.37,0
9.19,26.38,41.74,18.62,2.34,7.94,0
3.85,30.27,86.24,3.79,1.67,10.1,0
14.28,30.63,46.62,4.49,4.64,12.05,0
4.37,25.22,41.65,15.11,0.8,10.05,0
12.93,41.59,56.42,10.68,3.6,15.0,0
6.68,22.96,56.16,46.46,1.56,16.58,0
26.02,23.51,89.16,19.3,7.53,16.66,0
25.78,36.57,82.64,48.28,8.16,11.27,0
9.73,33.57,98.9,10.43,0.95,15.96,0
6.48,24.87,82.69,29.57,1.87,13.12,0
6.75,33.04,65.1,41.28,2.38,9.82,0
24.58,37.34,81.94,39.12,6.8,9.05,0
5.97,29.85,99.97,36.07,1.31,8.45,0
3.52,42.99,82.61,55.49,0.61,11.07,0
1.33,21.38,85.7,13.71,-0.08,11.06,0
9.43,33.47,96.3,29.62,2.83,8.51,0
9.87,35.83,46.82,53.04,3.09,9.38,0
27.57,34.46,82.29,4.67,6.17,10.27,0
3.75,28.98,91.05,3.35,1.78,14.07,0
7.19,28.55,97.26,14.0,1.87,17.44,0
24.79,32.22,52.66,37.98,9.37,14.02,0
26.03,34.08,70.24,15.59,6.62,14.32,0
7.28,33.01,80.83,11.41,1.32,18.41,0
9.22,35.2,54.85,27.53,2.56,13.34,0
5.42,24.91,76.03,36.82,2.04,19.78,0
40.45,28.86,55.45,14.91,10.18,18.51,0
1.89,25.3,60.01,18.04,-0.26,18.9,0
40.71,28.07,66.49,36.81,12.81,16.52,0
17.27,35.08,71.75,56.74,4.23,15.53,0
11.38,30.54,66.96,40.48,4.78,15.45,0
0.5,43.03,69.59,46.97,-0.3,12.66,0
9.68,30.97,57.92,22.01,2.01,7.57,0
7.86,30.3,49.54,16.34,2.97,15.38,0
2.64,30.53,42.84,27.26,2.4,13.13,0
16.02,26.81,51.76,48.43,5.22,15.33,0
53.19,29.71,74.92,27.38,17.22,15.25,0
12.39,35.64,87.17,50.8,5.39,14.7,0
18.82,30.57,50.15,59.33,4.72,14.1,0
1.06,26.03,46.51,4.32,1.26,17.28,0
8.11,25.37,84.96,2.72,0.91,13.81,0
1.86,27.75,58.31,8.98,0.98,17.1,0
14.23,30.37,97.09,23.06,4.2,10.37,0
41.83,35.97,82.86,7.86,13.79,9.41,1
16.26,23.3,59.61,52.24,6.05,13.72,0
1.2,28.4,57.37,1.39,0.93,17.97,0
6.57,30.72,71.42,18.95,2.27,17.13,0
12.0,20.83,44.75,11.08,4.11,20.14,0
7.74,25.83,47.06,55.89,2.38,14.08,0
26.9,26.6,50.55,40.17,8.01,14.72,0
25.28,26.02,86.48,54.72,9.03,9.63,0
14.19,30.96,70.83,58.34,5.82,13.32,0
7.01,29.2,40.63,29.83,1.96,12.63,0
4.42,27.22,80.41,14.06,1.56,8.78,0
1.68,32.14,65.42,11.62,0.59,8.12,0
6.58,38.62,70.65,13.38,0.36,8.53,0
8.0,38.2,52.85,42.52,2.06,7.46,0
16.9,20.39,73.11,2.43,6.67,12.45,0
16.1,32.89,98.75,3.08,4.08,7.72,0
1.09,29.11,44.41,36.49,2.44,8.22,0
7.54,30.78,57.04,38.52,3.44,9.7,0
3.01,28.01,54.58,39.92,1.3,9.75,0
2.56,30.59,54.91,22.31,1.33,7.4,0
26.34,30.76,62.72,48.36,6.99,6.73,0
0.64,27.11,89.09,32.02,-0.07,6.89,0
8.15,25.52,94.77,6.33,3.89,12.54,0
2.76,27.76,52.13,47.83,0.21,11.64,0
31.72,31.17,72.58,57.18,10.58,9.87,0
12.21,32.99,78.21,3.6,2.29,10.35,0
3.95,34.27,71.31,23.48,-0.01,21.21,0
10.47,27.53,66.04,29.25,5.04,20.2,0
19.72,31.42,51.52,8.79,5.91,21.47,0
47.59,34.81,69.29,52.06,13.74,25.0,0
3.74,35.83,64.07,17.05,2.48,28.64,0
32.6,29.71,87.73,46.98,11.03,25.84,0
40.84,28.9,85.82,40.26,13.17,31.12,1
37.23,30.96,48.04,35.88,10.6,19.89,0
15.13,24.25,45.31,11.53,4.25,23.66,0
14.91,29.03,94.49,13.24,4.78,22.58,0
7.74,33.72,72.13,2.84,3.02,19.27,0
20.94,33.21,91.47,14.44,5.77,14.78,0
11.37,28.65,43.49,20.73,3.58,13.49,0
16.97,31.09,71.59,49.99,5.36,14.68,0
8.39,25.88,72.37,21.98,3.8,20.19,0
19.72,33.52,91.64,45.28,6.67,15.89,0
26.1,29.61,45.86,26.37,6.32,15.68,0
2.38,28.62,54.43,47.09,0.5,16.15,0
26.84,28.19,64.39,58.58,7.12,18.07,0
11.66,29.69,91.95,14.39,4.07,16.18,0
27.93,27.76,96.33,51.74,9.3,17.31,0
8.47,33.29,99.56,37.31,2.64,18.39,0
7.15,28.02,97.55,49.04,1.88,21.3,0
36.99,37.96,40.36,39.1,11.17,16.34,0
4.34,37.33,42.86,25.44,1.51,15.17,0
27.89,25.54,48.86,13.68,7.73,13.37,0
9.93,30.35,60.93,4.2,1.76,16.06,0
10.83,26.75,89.8,32.13,1.2,9.89,0
5.53,28.37,93.56,59.42,2.93,9.44,0
12.77,40.01,51.21,44.28,4.33,4.27,0
5.9,28.46,77.18,19.64,2.13,5.98,0
0.6,31.8,95.04,49.63,1.45,13.31,0
4.76,32.71,67.82,46.14,0.17,22.61,0
0.1,25.0,46.21,16.9,-1.71,19.08,0
57.49,25.72,67.47,0.86,17.63,19.19,0
50.61,23.97,62.55,7.09,15.48,18.2,0
7.54,25.57,74.66,52.64,0.53,20.18,0
19.55,15.75,66.32,50.19,6.22,23.52,0
6.37,32.72,41.04,17.71,1.51,27.94,0
16.68,40.27,99.64,17.11,4.2,18.63,0
24.55,30.74,72.61,47.57,7.03,19.08,0
43.99,22.92,68.42,56.26,10.76,16.2,0
7.67,26.79,97.28,46.75,1.71,25.44,0
22.94,27.71,49.35,36.33,6.18,23.61,0
4.64,24.91,51.35,14.56,1.95,25.93,0
69.58,34.3,88.48,31.54,20.72,19.26,1
0.39,34.05,55.65,14.01,0.76,17.83,0
13.88,24.22,87.95,48.48,1.61,22.34,0
16.16,33.63,56.29,23.22,4.01,20.76,0
17.47,37.63,41.99,50.02,5.8,12.34,0
1.92,39.51,71.02,22.9,0.27,18.18,0
41.84,44.33,51.8,49.45,13.4,14.94,0
3.0,25.49,85.47,20.0,-0.91,11.65,0
14.62,44.12,78.47,26.41,5.12,9.33,0
3.78,28.23,95.42,36.93,0.49,10.74,0
5.51,27.04,86.98,4.22,0.92,5.26,0
11.86,31.64,50.85,56.89,4.55,7.06,0
8.1,27.09,88.01,34.42,3.59,6.5,0
2.62,32.0,78.5,30.47,1.82,8.31,0
2.81,23.4,80.14,50.36,2.88,12.63,0
8.12,28.81,89.94,51.95,3.7,9.11,0
21.24,36.43,74.43,31.34,5.58,11.71,0
34.24,29.71,67.96,55.64,10.41,13.53,0
1.32,30.71,78.2,3.88,0.04,10.28,0
7.49,32.38,57.88,6.79,4.28,11.4,0
1.58,35.85,50.96,35.81,1.58,10.88,0
0.25,21.72,77.0,21.24,-0.11,8.44,0
16.26,32.92,54.03,27.85,5.76,4.79,0
13.84,28.66,44.79,19.68,2.92,8.47,0
2.67,30.83,40.03,24.28,1.05,10.04,0
3.99,35.3,76.5,49.36,0.26,17.1,0
0.36,24.03,61.73,35.61,-1.58,17.46,0
27.02,24.94,85.14,59.84,8.89,11.25,0
55.15,20.32,62.51,47.21,17.45,18.63,0
2.18,27.25,69.16,16.42,1.11,23.47,0
3.95,36.65,64.43,15.86,1.0,21.85,0
30.42,29.4,79.03,20.15,7.86,20.89,0
39.15,23.3,61.37,50.6,10.58,12.74,0
8.16,27.57,97.83,1.64,1.48,13.34,0
0.78,22.56,96.17,13.81,0.0,15.93,0
0.6,24.37,90.88,54.3,1.26,8.77,0
12.8,31.94,95.22,38.39,4.9,6.74,0
7.49,24.13,66.95,13.61,0.6,4.79,0
0.44,35.56,72.19,13.15,-0.56,7.03,0
13.13,29.64,84.53,51.76,3.22,9.97,0
0.17,30.43,81.77,53.63,-2.48,6.81,0
23.22,28.61,93.44,15.37,7.53,5.11,0
5.49,33.86,82.98,25.23,1.4,5.48,0
0.62,33.92,99.87,50.08,0.07,16.58,0
13.31,31.68,60.91,46.26,5.34,14.22,0
7.6,32.82,89.98,48.83,2.37,14.6,0
54.63,28.94,81.86,31.1,15.96,16.01,1
11.79,32.71,81.48,54.69,4.11,15.76,0
4.83,28.31,59.55,19.56,2.51,23.53,0
18.54,30.01,87.14,9.4,5.86,19.9,0
4.75,28.63,94.02,42.52,2.11,14.96,0
35.19,27.71,53.11,32.36,10.41,12.44,0
7.04,26.55,77.53,51.28,2.03,11.91,0
11.97,32.34,63.53,4.87,3.7,13.51,0
0.78,36.55,99.37,50.62,-0.52,19.3,0
8.33,35.86,68.73,17.6,1.93,14.08,0
26.79,23.72,53.7,39.29,9.41,15.35,0
24.57,36.45,62.91,2.41,9.38,13.82,0
3.81,28.41,79.23,36.57,2.74,17.22,0
3.84,33.0,44.57,43.04,-0.17,17.12,0
25.5,25.47,76.22,22.13,6.23,13.08,0
39.97,30.71,95.87,12.92,10.8,14.36,0
1.5,31.57,91.02,32.26,0.59,15.49,0
8.97,22.58,44.06,49.99,-0.12,10.19,0
6.17,33.04,99.6,19.41,1.26,18.09,0
30.68,36.73,81.92,15.15,10.61,9.31,0
1.31,29.13,49.74,16.74,1.37,9.19,0
3.56,36.8,40.74,56.95,0.56,13.86,0
20.94,29.05,50.28,21.56,5.85,8.47,0
0.79,34.25,90.29,0.22,0.8,9.65,0
10.17,18.91,41.3,46.9,3.99,7.09,0
8.75,42.09,53.99,41.96,2.09,6.73,0
6.11,37.48,85.44,7.71,1.6,10.17,0
7.53,28.58,75.17,59.09,1.69,10.31,0
11.32,20.14,86.96,36.48,2.07,12.36,0
2.64,31.44,84.77,30.05,0.57,13.06,0
12.73,22.78,43.04,22.93,3.52,13.01,0
24.55,32.22,93.55,53.92,6.11,8.62,0
21.42,32.06,53.62,14.64,7.07,10.36,0
2.51,25.29,73.2,17.15,1.24,8.86,0
2.42,35.6,78.66,7.34,1.42,7.25,0
4.68,34.03,50.12,45.55,0.64,9.78,0
6.72,34.88,98.57,35.73,0.03,8.34,0
7.88,30.04,69.29,36.54,2.83,4.97,0
17.08,22.92,43.46,13.11,4.46,6.04,0
0.88,34.89,96.24,39.07,-0.63,6.07,0
0.53,28.65,75.18,45.93,-1.1,7.87,0
7.46,23.05,81.95,21.47,1.96,10.45,0
17.92,36.76,71.51,48.08,6.95,8.71,0
3.22,40.5,90.08,20.93,0.46,12.75,0
15.39,29.79,41.99,45.49,3.53,15.19,0
4.51,40.8,56.1,2.02,2.01,14.82,0
32.58,30.46,68.18,33.07,9.95,15.71,0
33.91,28.1,44.6,58.17,8.05,16.42,0
5.29,26.85,82.35,58.87,2.25,12.84,0
3.92,38.19,63.62,16.91,3.3,14.08,0
7.95,26.1,56.36,26.48,-0.22,16.36,0
4.13,33.68,40.2,3.78,0.0,10.86,0
16.74,27.2,83.19,52.4,2.17,16.04,0
26.24,27.7,90.03,34.11,7.8,14.8,0
16.77,35.15,63.7,23.11,6.02,12.2,0
26.09,28.1,73.85,6.77,7.93,19.8,0
7.59,27.98,53.66,56.81,3.67,15.39,0
2.55,35.66,77.33,31.81,1.6,12.36,0
20.09,37.99,40.73,16.98,7.73,9.28,0
6.71,33.22,69.32,21.01,3.17,5.94,0
16.69,26.73,78.65,16.24,4.6,17.2,0
4.73,27.45,95.09,36.11,1.49,21.79,0
1.27,30.4,62.88,55.8,-0.49,23.46,0
73.56,31.6,85.91,51.4,21.84,34.67,1
2.55,25.06,75.86,27.62,0.83,32.52,0
66.88,33.62,95.62,49.59,19.98,32.05,1
56.77,30.43,63.9,25.39,18.37,35.13,0
23.68,21.42,59.15,15.14,6.78,27.31,0
16.16,25.36,93.23,59.0,3.91,28.53,0
12.93,27.48,42.95,18.23,3.01,20.27,0
30.16,29.64,48.18,19.42,9.7,12.19,0
5.13,39.45,44.94,59.38,0.13,16.78,0
9.46,31.19,90.59,8.04,2.64,13.06,0
14.49,25.8,40.64,45.63,5.67,10.28,0
7.94,31.1,91.7,56.15,2.68,9.57,0
8.37,28.24,67.08,30.71,2.44,10.79,0
6.01,31.62,40.24,0.15,1.77,6.25,0
12.46,32.9,64.1,22.5,2.71,21.28,0
28.51,36.05,51.21,6.69,7.7,17.11,0
3.38,29.88,77.46,24.97,0.82,18.07,0
40.87,38.19,80.76,47.4,12.53,16.26,1
17.52,34.54,69.25,26.32,6.21,18.6,0
26.0,26.46,42.43,25.92,7.89,20.86,0
12.19,41.05,79.37,33.41,5.01,23.73,0
22.68,31.63,90.52,34.9,8.41,16.48,0
0.24,25.82,83.22,51.38,0.87,14.97,0
25.59,38.26,89.8,18.5,8.9,26.84,0
0.61,40.39,52.03,49.3,-0.81,23.73,0
33.1,29.83,93.33,33.96,8.78,21.4,0
72.36,27.48,59.33,18.03,22.22,24.06,0
5.22,29.14,40.8,17.71,0.23,17.12,0
3.54,33.57,90.6,21.67,0.77,21.95,0
21.75,36.39,96.51,37.36,7.29,18.83,0
4.38,32.85,79.33,13.85,2.73,11.09,0
30.1,30.51,53.89,55.22,8.78,14.59,0
1.63,37.49,55.1,34.49,-0.16,18.9,0
2.02,28.44,68.0,55.2,0.93,19.81,0
58.06,35.15,93.87,2.78,16.34,21.96,1
16.81,28.56,48.98,20.56,4.87,19.84,0
28.15,32.16,89.56,1.37,8.44,18.18,0
5.88,29.43,57.48,16.34,1.74,24.78,0
16.93,29.72,88.52,51.72,5.17,13.73,0
13.53,28.11,95.22,2.2,3.22,17.67,0
13.86,36.72,65.65,26.17,3.43,11.57,0
17.21,26.34,61.9,7.05,4.42,12.85,0
12.85,26.3,88.13,25.01,2.23,13.69,0
8.41,40.6,71.77,50.33,2.86,12.25,0
4.84,34.89,81.07,37.38,2.35,13.75,0
21.95,18.07,77.37,44.21,7.38,11.29,0
3.85,27.17,49.17,20.95,0.89,12.35,0
17.68,20.94,90.69,56.66,4.49,13.45,0
3.99,25.25,51.75,42.56,1.94,9.83,0
14.73,14.31,95.94,25.31,5.06,9.9,0
20.62,29.32,55.03,25.59,6.4,7.98,0
3.7,24.29,84.03,55.12,2.85,6.36,0
0.93,30.3,57.08,34.58,0.25,11.49,0
2.11,21.87,59.07,42.38,0.37,10.43,0
13.97,30.41,58.6,25.02,3.79,10.45,0
28.4,27.93,84.87,13.42,6.96,12.43,0
0.69,37.51,73.41,43.41,0.87,14.2,0
19.87,37.06,92.98,36.47,5.86,17.62,0
6.26,33.93,58.44,30.08,2.39,16.85,0
9.77,28.37,81.52,37.44,4.77,13.29,0
39.65,39.93,85.18,12.5,11.5,14.56,0
6.05,22.23,49.09,47.64,-0.52,11.35,0
9.39,22.98,64.04,56.89,3.3,10.01,0
0.21,29.58,68.97,53.47,0.23,13.09,0
1.28,41.27,61.34,19.29,-0.35,4.17,0
4.49,28.99,59.33,24.36,1.74,8.49,0
0.42,29.08,81.19,48.5,0.91,3.24,0
14.97,22.79,52.95,35.71,3.54,7.95,0
8.34,34.73,82.56,32.87,2.2,9.77,0
11.92,34.77,96.1,55.6,5.05,4.78,0
2.88,33.95,73.91,32.16,0.14,16.01,0
5.26,26.85,76.69,30.9,1.65,15.14,0
16.35,26.47,44.14,2.52,2.28,17.76,0
50.42,23.53,91.87,4.17,13.64,18.15,1
0.78,30.42,57.13,0.45,0.39,19.03,0
33.16,24.6,76.9,54.79,11.18,17.31,0
12.9,24.11,98.75,24.5,2.51,22.05,0
12.45,27.88,75.73,28.11,3.81,9.31,0
10.41,27.55,83.48,50.72,2.75,13.04,0
1.08,27.31,66.72,36.55,1.28,7.03,0
1.41,32.33,43.62,36.57,-0.79,7.27,0
13.78,30.4,87.86,17.79,4.56,9.31,0
6.25,28.56,42.1,50.03,1.22,7.11,0
37.38,30.92,82.04,9.95,11.44,14.72,0
7.83,25.04,41.38,3.19,2.42,11.87,0
2.32,30.53,91.74,11.5,0.44,11.68,0
18.81,30.75,49.46,16.06,6.12,12.26,0
5.21,22.48,70.86,16.94,1.61,14.17,0
11.18,34.98,75.83,40.23,3.22,14.8,0
17.95,25.59,67.45,13.07,5.03,20.3,0
34.58,30.45,60.45,40.6,10.45,18.67,0
23.57,35.82,68.07,5.47,7.29,22.43,0
16.92,34.63,58.68,8.83,4.09,24.43,0
17.07,30.17,66.29,30.53,4.77,20.18,0
43.76,28.19,61.53,55.31,12.07,15.95,0
5.26,34.74,73.97,51.57,1.54,10.14,0
0.02,33.37,54.28,58.13,-0.59,12.83,0
4.76,26.91,99.32,39.03,2.2,13.33,0
3.69,26.03,70.05,40.55,1.78,11.03,0
16.26,19.64,51.65,37.5,3.96,6.14,0
15.07,30.77,68.62,37.37,4.52,15.0,0
13.5,29.59,91.98,8.83,4.69,11.71,0
0.25,35.68,41.31,32.62,-0.1,9.38,0
19.57,31.8,80.77,23.16,5.14,10.15,0
5.86,36.67,72.88,26.55,0.67,13.43,0
16.41,26.51,50.17,31.42,5.78,11.45,0
12.2,35.69,89.05,7.7,4.56,9.18,0
6.29,27.36,62.13,21.57,1.68,10.46,0
2.17,33.89,57.63,3.81,1.42,12.36,0
1.49,22.71,89.69,58.78,-2.52,17.24,0
26.71,31.18,78.31,7.11,9.34,11.11,0
37.59,20.08,93.9,15.51,11.12,14.98,0
15.74,28.66,77.79,53.48,4.86,18.48,0
1.64,32.2,84.45,28.96,0.17,18.91,0
7.71,27.4,90.19,8.14,3.71,17.2,0
19.58,24.75,43.28,23.05,4.81,13.59,0
22.7,34.23,86.56,6.95,8.28,10.85,0
1.89,29.48,76.82,12.01,0.96,10.67,0
0.0,27.55,44.17,3.12,0.62,10.42,0
18.68,30.21,70.51,26.29,5.27,6.3,0
6.61,43.18,44.95,48.4,0.68,4.67,0
4.41,35.77,84.16,35.16,2.25,10.9,0
0.19,35.81,72.79,36.38,0.37,16.46,0
11.66,32.18,97.21,12.04,4.86,16.57,0
28.57,30.83,50.99,20.63,8.38,13.53,0
47.42,18.02,76.36,50.71,13.81,15.89,0
12.51,26.61,52.69,5.27,5.14,19.81,0
10.84,27.6,76.84,51.48,5.16,14.87,0
1.33,20.63,83.36,29.02,0.41,15.07,0
11.94,24.21,83.34,50.23,2.83,5.6,0
7.17,20.1,88.9,19.08,2.96,5.5,0
14.01,29.81,91.21,20.33,3.95,8.4,0
7.38,34.09,44.64,45.1,2.81,6.78,0
4.12,35.53,60.6,47.1,0.98,9.56,0
1.5,32.07,81.23,13.78,2.01,6.17,0
5.67,25.18,69.92,58.37,1.0,13.73,0
1.52,20.34,51.44,5.07,0.94,10.72,0
2.92,21.22,73.16,4.11,0.39,13.14,0
65.54,23.66,64.45,35.73,19.38,16.66,0
8.81,25.56,63.4,43.36,2.23,26.8,0
11.39,29.2,88.59,57.65,4.15,31.91,0
31.03,24.93,64.46,24.3,10.23,35.48,0
81.29,31.69,41.59,1.52,24.94,26.04,1
13.11,28.84,43.48,36.17,3.82,23.11,0
25.11,30.05,91.37,17.38,7.67,24.9,0
5.94,35.7,97.64,25.98,2.68,18.37,0
5.47,24.1,81.3,29.31,2.57,15.69,0
7.73,32.09,61.86,3.87,-0.37,9.39,0
16.74,29.93,96.32,29.16,4.75,6.46,0
17.19,28.33,79.77,25.58,4.93,10.23,0
5.68,34.43,90.66,42.75,2.37,9.92,0
2.14,34.4,85.95,38.74,0.58,10.11,0
15.01,25.27,62.75,11.11,5.22,8.18,0
2.06,29.09,68.72,12.37,-0.46,12.79,0
12.96,31.41,51.17,15.06,4.15,9.34,0
17.73,28.63,57.52,10.74,6.22,13.86,0
18.09,32.93,86.69,39.43,3.95,15.95,0
21.0,31.41,93.64,59.67,8.81,16.15,0
30.94,39.16,83.47,39.13,10.47,21.34,0
10.4,22.35,67.91,36.4,3.12,14.45,0
19.65,29.39,45.19,24.6,5.07,17.39,0
14.48,25.46,43.42,18.75,4.17,14.07,0
3.1,33.02,62.46,54.66,1.01,11.3,0
0.39,21.91,67.83,58.14,0.56,13.18,0
5.02,31.73,76.55,29.81,3.01,10.82,0
8.78,26.85,40.39,17.41,2.16,7.03,0
14.4,26.33,99.38,46.21,4.88,8.7,0
28.45,22.77,61.84,7.95,7.24,14.81,0
3.28,27.67,90.89,45.94,0.57,14.05,0
2.01,35.42,72.1,49.14,0.98,15.91,0
49.65,29.87,47.83,7.49,15.59,14.82,0
1.72,33.14,87.85,58.61,-0.24,11.54,0
9.77,38.32,82.59,59.13,2.49,12.28,0
13.21,31.32,71.65,56.2,5.42,13.71,0
11.69,27.21,70.87,29.76,4.67,7.67,0
1.35,32.34,45.25,14.76,0.61,4.19,0
0.88,27.28,79.35,34.92,-1.97,7.08,0
1.67,27.48,94.67,25.2,3.01,6.09,0
13.21,22.4,45.59,12.36,3.94,4.51,0
11.79,34.63,55.81,25.42,3.22,10.12,0
3.99,28.07,94.14,39.83,0.68,10.62,0
15.23,30.91,57.06,4.25,4.95,12.6,0
25.73,24.82,79.24,20.01,8.1,12.33,0
0.64,32.18,72.09,1.07,1.14,9.36,0
10.34,26.19,75.78,44.97,2.18,15.36,0
17.53,29.29,64.95,38.44,4.95,12.86,0
4.36,34.39,58.0,3.76,3.34,13.52,0
5.52,33.95,42.91,57.88,1.88,17.89,0
14.26,29.89,84.66,1.36,4.11,16.77,0
34.23,21.16,84.77,35.4,9.33,19.15,0
24.91,44.96,80.24,46.58,7.98,17.04,0
13.12,38.73,78.62,47.27,4.97,18.34,0
19.65,33.61,54.62,2.06,6.77,18.91,0
6.81,26.23,41.34,54.38,1.78,16.36,0
15.37,29.43,88.52,55.11,4.97,15.26,0
9.42,27.28,69.47,33.68,4.5,13.29,0
3.16,36.32,58.41,28.92,2.02,11.28,0
18.15,31.31,46.12,2.69,4.66,15.86,0
12.19,26.08,43.76,33.72,1.11,14.29,0
6.66,27.65,60.93,24.56,2.3,14.39,0
36.34,35.61,88.28,46.37,11.7,10.99,0
0.32,38.0,95.12,24.23,-0.99,14.62,0
5.69,37.64,93.81,41.01,1.7,13.53,0
0.88,33.79,95.2,6.08,-0.0,14.05,0
21.82,28.74,94.46,7.98,6.65,12.74,0
18.17,13.79,71.63,8.38,4.9,12.5,0
6.04,31.49,53.16,2.73,3.1,15.05,0
16.89,29.99,87.88,32.48,5.21,13.61,0
7.56,30.7,52.82,47.64,1.39,15.41,0
21.17,30.27,56.03,36.62,7.27,17.06,0
9.08,23.37,54.0,34.5,1.46,15.67,0
7.97,32.79,70.9,40.84,3.68,15.49,0
40.94,33.16,59.31,20.38,13.27,19.26,0
4.33,33.41,49.25,21.72,2.69,16.19,0
1.93,34.73,67.19,18.86,0.42,16.64,0
13.18,33.02,92.43,42.73,3.46,22.62,0
52.26,27.95,74.23,9.7,15.76,13.14,0
7.12,29.65,92.7,0.78,2.05,13.56,0
0.96,30.46,51.75,35.77,-0.36,13.05,0
6.22,30.54,50.02,56.54,1.31,16.11,0
10.58,34.99,74.53,36.56,2.81,24.52,0
2.65,33.22,67.8,46.98,-0.38,18.24,0
16.1,40.39,79.61,40.37,5.51,20.17,0
91.45,41.03,87.68,29.85,27.38,19.88,1
9.02,30.4,85.08,43.1,2.4,20.79,0
6.57,10.82,96.54,49.45,0.86,26.0,0
7.68,36.18,63.9,13.48,1.14,25.64,0
1.83,27.3,52.38,20.17,2.49,11.92,0
32.22,25.99,73.05,13.42,9.04,16.45,0
8.04,28.01,46.64,27.13,3.02,10.57,0
7.35,27.77,57.33,53.1,2.37,11.19,0
16.17,33.06,52.47,20.71,2.08,15.67,0
8.75,22.2,63.79,22.47,4.42,11.98,0
15.67,24.61,46.67,51.62,5.39,13.88,0
0.95,31.72,41.91,30.92,-0.48,17.19,0
25.21,33.11,79.41,32.13,7.53,22.65,0
42.33,33.21,76.61,51.65,11.55,19.95,0
15.69,26.06,82.5,29.43,6.53,18.36,0
46.37,25.11,79.62,40.89,13.0,21.82,0
2.46,27.47,46.86,5.14,0.22,18.37,0
9.73,31.2,57.46,10.72,2.19,16.82,0
13.81,37.43,47.77,24.26,4.22,10.3,0
13.07,19.76,90.58,29.69,5.29,8.04,0
7.7,28.9,84.81,57.94,4.1,9.61,0
6.19,23.34,52.09,58.24,1.46,7.38,0
2.03,21.74,60.48,51.07,0.99,10.62,0
7.46,34.83,98.0,18.94,2.32,4.32,0
2.66,32.72,75.65,57.84,-0.18,4.69,0
19.88,32.25,88.07,41.36,8.39,6.27,0
3.51,34.61,55.88,23.58,2.42,10.0,0
0.91,27.6,52.6,42.1,0.46,12.35,0
12.06,27.84,87.04,0.99,5.2,17.67,0
13.57,40.93,81.15,8.77,5.28,9.84,0
30.83,28.77,80.86,49.78,9.33,11.64,0
12.91,33.68,73.16,38.73,4.2,19.54,0
6.36,30.03,73.81,21.85,3.42,11.56,0
24.37,20.76,84.14,30.04,6.36,15.63,0
11.66,19.78,56.2,54.31,5.17,13.02,0
1.24,27.11,61.17,37.89,0.15,10.08,0
12.52,35.28,92.3,23.89,5.28,13.31,0
35.79,33.94,58.53,7.22,10.73,12.71,0
7.57,34.57,72.78,17.62,2.61,7.15,0
5.27,25.06,82.16,58.7,1.55,11.79,0
2.32,38.08,100.0,26.24,0.17,12.31,0
2.46,25.18,66.12,28.31,0.47,3.31,0
8.5,31.06,65.69,29.92,3.93,10.33,0
13.58,29.95,90.56,53.05,1.76,16.2,0
1.26,29.13,88.33,36.24,-0.86,15.91,0
42.09,36.69,83.86,41.62,11.9,17.51,0
21.11,26.47,67.79,23.36,5.25,17.83,0
13.25,23.25,59.44,1.75,5.49,15.08,0
26.44,30.1,76.52,55.86,9.19,20.62,0
1.25,28.0,92.57,56.95,0.97,18.39,0
9.72,46.89,93.03,56.95,2.28,16.67,0
14.92,33.38,46.51,56.62,5.81,15.69,0
26.46,27.95,65.7,48.91,6.35,15.52,0
22.95,24.72,67.88,41.08,9.03,14.91,0
4.87,20.6,98.66,50.67,0.78,19.94,0
42.42,24.87,80.68,36.03,12.46,25.96,1
1.99,30.57,64.43,8.06,0.17,24.9,0
31.21,37.14,41.56,23.47,8.29,24.09,0
53.08,35.61,73.92,58.28,17.85,22.0,0
2.92,31.15,45.76,21.07,1.67,19.07,0
19.21,28.38,90.07,52.07,6.98,16.07,0
0.62,31.34,85.15,5.59,-1.04,17.52,0
7.8,27.41,67.63,20.05,2.52,12.09,0
10.89,38.59,65.75,21.06,3.79,18.12,0
13.04,29.05,93.84,3.1,4.18,14.28,0
41.22,29.57,57.31,7.15,11.21,13.78,0
16.73,18.92,54.94,11.59,6.1,24.56,0
9.85,29.02,96.35,50.27,3.08,23.21,0
24.89,34.18,88.55,3.8,6.51,27.49,0
45.1,24.66,89.24,17.92,11.67,21.96,0
0.33,26.25,51.71,0.61,0.71,23.61,0
60.7,33.96,48.6,41.74,20.66,19.37,0
1.35,22.62,41.56,37.22,-0.61,15.24,0
25.26,35.29,54.22,38.7,7.75,17.38,0
4.93,27.34,86.45,22.46,2.59,15.29,0
2.13,28.06,54.4,12.5,-0.63,13.0,0
8.69,24.38,83.75,43.22,2.13,11.96,0
15.49,31.89,55.11,48.67,3.79,10.71,0
7.19,42.3,63.72,8.32,3.14,10.55,0
0.84,33.91,98.99,29.21,1.58,9.37,0
13.72,25.68,54.69,14.92,4.28,9.69,0
34.9,35.68,62.58,10.09,9.63,10.01,0
7.25,28.42,58.07,44.06,1.73,5.24,0
3.66,36.87,46.58,32.29,0.47,12.59,0
8.77,34.03,69.39,12.97,1.65,14.93,0
0.74,15.28,62.72,18.6,0.12,9.66,0
25.76,24.98,81.69,58.0,8.3,10.07,0
26.26,34.72,89.06,50.92,8.37,14.63,0
13.3,30.76,72.65,52.8,3.98,16.26,0
6.53,24.88,41.93,27.6,2.02,17.41,0
24.13,26.83,77.14,37.43,7.16,18.23,0
12.13,20.47,43.32,22.61,2.34,17.46,0
26.22,29.56,76.98,4.66,8.03,17.34,0
14.97,41.05,81.1,24.06,3.91,16.15,0
23.02,34.02,51.87,35.64,5.56,18.13,0
13.69,40.95,89.16,17.23,4.48,24.13,0
8.02,34.41,94.67,50.88,1.79,20.24,0
47.53,35.14,88.79,9.07,14.49,19.39,1
11.68,39.87,58.31,22.03,4.35,16.02,0
13.94,31.89,75.2,7.49,3.23,15.72,0
3.74,29.06,94.89,24.29,1.21,16.33,0
14.74,35.16,59.24,2.38,2.61,5.02,0
12.72,37.27,89.2,16.35,5.35,6.77,0
3.07,27.6,40.57,24.04,-0.44,8.51,0
0.92,26.39,40.22,28.69,-0.24,10.25,0
13.91,30.69,85.58,32.62,5.51,7.84,0
21.64,34.16,85.69,16.5,6.26,10.81,0
11.12,33.99,87.34,31.38,2.14,10.04,0
3.86,22.88,95.8,30.54,1.87,13.78,0
16.47,39.56,47.07,18.97,5.63,14.34,0
1.25,26.79,53.92,49.81,-0.26,4.21,0
8.75,28.67,94.22,32.74,2.1,5.93,0
2.68,25.49,50.63,19.94,0.37,6.42,0
3.06,43.49,80.93,56.84,0.71,3.86,0
3.39,31.21,71.83,50.71,-0.88,2.63,0
7.33,25.75,44.99,58.96,2.02,3.25,0
0.79,34.32,57.12,41.53,2.02,6.6,0
7.61,33.85,71.22,22.69,1.39,4.83,0
10.75,29.06,91.14,16.85,2.64,10.47,0
9.9,34.2,82.45,39.8,1.79,8.94,0
7.24,25.87,77.31,58.85,2.78,11.12,0
27.41,27.54,69.76,37.6,9.43,7.98,0
2.36,19.95,57.92,52.9,1.89,8.82,0
10.57,23.38,47.15,19.75,1.92,7.16,0
0.96,39.04,64.54,24.42,0.79,10.0,0
1.11,38.21,41.71,54.38,1.77,12.95,0
12.8,30.33,52.66,45.41,4.35,12.2,0
12.52,38.31,65.95,58.88,4.23,17.7,0
31.56,29.2,65.12,46.49,9.0,18.66,0
12.24,28.78,42.66,26.91,3.89,14.28,0
48.2,30.28,75.34,31.86,15.7,18.8,0
0.75,29.38,72.98,54.03,0.55,11.9,0
1.55,28.92,44.69,33.1,-0.78,12.93,0
0.68,35.72,96.59,15.32,-0.25,13.14,0
3.07,30.75,45.96,26.14,2.13,3.05,0
11.69,33.56,91.29,30.98,3.83,13.02,0
15.56,35.16,40.02,5.8,4.79,15.73,0
0.7,31.94,92.94,44.63,-0.34,19.18,0
43.77,25.15,41.18,6.56,14.32,15.51,0
27.69,23.24,85.47,24.3,9.97,13.64,0
5.28,30.74,61.7,48.28,2.85,10.9,0
1.2,29.14,84.29,28.05,1.8,8.62,0
2.79,30.44,64.1,50.52,0.48,6.78,0
2.04,29.92,44.25,20.51,0.11,3.52,0
1.97,42.92,86.05,57.46,0.44,4.79,0
10.96,23.35,44.28,12.57,3.33,11.01,0
4.23,20.05,95.33,2.3,2.7,15.45,0
6.65,31.66,43.06,52.35,3.16,23.17,0
68.35,28.12,68.76,45.13,21.04,23.41,0
17.3,31.58,83.38,13.92,3.76,17.81,0
44.63,32.92,63.59,59.08,11.7,24.07,0
2.31,36.42,53.03,30.14,0.93,21.38,0
7.22,22.46,85.55,57.06,3.05,11.75,0
12.14,27.22,87.06,30.3,3.56,7.3,0
1.2,32.14,95.36,28.31,2.27,10.84,0
0.06,33.85,62.57,26.95,-1.06,9.01,0
16.65,40.97,70.38,20.09,3.79,6.0,0
15.4,34.78,61.79,32.02,3.96,9.23,0
7.93,29.72,55.42,27.15,1.68,9.05,0
10.09,25.55,85.06,2.2,3.55,11.68,0
8.05,27.18,60.38,15.63,1.99,6.65,0
0.36,27.04,65.69,12.79,-1.44,5.32,0
6.13,33.28,64.22,52.05,2.73,9.6,0
2.92,31.28,82.76,35.93,-0.88,12.6,0
1.55,23.38,95.07,45.82,-0.6,11.48,0
47.1,27.82,80.01,57.41,12.51,12.02,1
13.72,34.39,68.29,38.64,4.32,13.87,0
19.57,31.76,86.75,58.96,6.06,11.72,0
5.68,32.84,78.46,18.71,3.62,17.37,0
7.49,31.91,43.64,11.18,3.16,11.71,0
4.06,38.13,45.74,24.2,2.66,8.41,0
1.53,31.18,42.28,28.25,0.75,6.18,0
2.96,28.07,67.41,53.72,-0.09,10.51,0
23.96,25.42,89.55,33.6,7.31,9.18,0
16.98,31.25,58.78,17.53,5.69,17.39,0
11.88,17.8,63.05,44.56,4.27,13.41,0
9.67,29.08,94.57,30.35,2.43,16.36,0
38.35,28.97,90.21,9.73,11.99,13.0,0
1.13,23.18,79.9,34.61,-0.59,12.26,0
4.94,25.36,56.01,54.68,0.44,22.89,0
6.46,34.05,47.02,50.56,0.82,23.37,0
22.88,31.15,40.96,35.21,6.89,20.76,0
73.42,30.51,46.42,22.62,20.85,24.42,0
4.13,31.53,57.56,5.22,0.81,22.32,0
31.11,30.46,73.11,28.18,10.24,26.52,0
26.63,36.21,43.84,45.12,6.96,24.18,0
3.82,30.62,48.17,21.62,0.64,18.99,0
7.65,22.71,50.86,14.13,2.37,19.4,0
7.91,38.15,77.92,55.88,2.62,21.47,0
57.4,31.85,76.95,49.29,16.72,13.44,0
2.99,27.05,73.05,38.3,1.68,19.18,0
24.08,23.73,55.03,8.21,7.81,16.93,0
6.1,31.98,62.27,8.69,2.97,22.33,0
19.69,29.41,45.8,6.19,5.82,14.53,0
8.17,37.87,53.59,36.98,1.94,19.99,0
12.95,28.27,93.86,6.93,3.2,16.82,0
26.81,25.81,98.78,50.56,8.35,15.1,0
24.46,34.48,78.86,59.58,6.96,16.84,0
30.2,34.63,95.01,21.98,8.49,16.99,0
0.92,30.84,78.56,27.22,-0.17,14.75,0
17.67,33.38,41.99,42.7,4.62,15.16,0
2.26,29.81,99.81,56.23,0.88,10.83,0
8.06,31.17,45.94,53.65,1.01,4.35,0
11.93,35.82,80.96,3.46,3.88,21.62,0
7.73,33.13,55.17,10.14,3.0,16.54,0
11.0,29.15,63.52,45.28,2.72,19.67,0
84.94,36.76,78.76,41.33,27.4,23.42,1
2.18,18.18,66.19,7.99,0.67,22.46,0
16.88,40.26,55.03,30.12,3.5,17.03,0
7.56,21.47,60.07,46.85,1.99,24.16,0
2.14,26.86,60.49,13.13,0.7,14.3,0
2.59,29.8,97.56,52.28,1.23,19.61,0
44.72,29.27,87.92,3.18,13.16,26.79,1
31.75,35.03,67.51,46.93,8.51,23.97,0
35.63,24.71,51.99,36.95,9.6,28.24,0
71.57,31.3,88.66,18.91,20.82,30.63,1
3.5,27.11,49.43,43.26,0.49,23.74,0
6.59,31.48,52.63,46.94,0.84,23.88,0
16.59,29.68,61.96,56.03,4.25,16.69,0
9.92,30.46,92.82,22.07,3.64,8.0,0
8.13,27.25,47.91,41.16,4.09,11.66,0
6.64,27.45,47.33,36.16,2.75,6.96,0
13.51,31.44,69.64,31.51,5.36,10.85,0
12.86,34.72,56.58,53.42,4.83,8.55,0
2.64,27.01,74.12,0.19,1.63,11.98,0
9.57,25.66,67.1,16.93,2.53,12.13,0
12.09,33.07,66.1,32.3,3.77,11.81,0
12.67,29.84,46.72,10.7,3.38,7.12,0
3.54,34.15,48.46,54.47,0.84,6.81,0
20.34,25.47,89.26,38.86,6.17,8.32,0
0.38,21.1,93.15,28.67,0.83,13.45,0
6.57,27.33,54.08,48.88,2.4,9.81,0
22.73,26.17,46.81,27.05,6.66,10.92,0
12.45,29.61,43.21,33.52,3.79,10.74,0
4.54,26.82,76.5,0.17,1.8,16.52,0
17.81,33.71,82.92,21.94,6.01,17.83,0
12.57,28.56,62.37,8.33,2.25,15.92,0
23.86,30.75,80.78,41.38,6.08,15.97,0
19.92,30.79,82.78,28.74,7.08,14.71,0
14.13,30.97,96.12,18.11,4.18,13.06,0
10.05,29.88,43.89,28.07,2.59,12.27,0
2.14,32.55,51.54,12.58,0.38,10.38,0
4.54,26.02,44.11,55.51,1.1,10.58,0
8.15,37.0,92.08,3.24,3.0,8.51,0
13.72,28.82,87.56,51.93,3.01,4.6,0
10.81,23.44,74.48,30.68,3.27,8.59,0
5.1,30.94,45.02,37.14,1.78,8.1,0
0.1,25.74,56.4,18.16,0.43,10.5,0
10.28,33.33,57.86,58.0,3.31,7.16,0
5.05,41.05,73.64,16.91,2.03,9.33,0
19.9,26.07,55.48,35.33,5.4,12.94,0
0.36,31.66,44.38,59.61,-0.83,14.91,0
13.19,21.22,83.85,52.87,6.41,12.45,0
42.57,32.27,57.94,32.18,12.47,12.07,0
2.87,25.57,67.14,59.42,0.68,13.31,0
9.57,26.88,47.66,42.08,3.55,13.1,0
1.44,24.49,88.15,12.52,2.03,17.42,0
14.74,33.66,73.93,24.34,3.88,9.64,0
12.0,35.04,94.1,20.07,2.6,13.0,0
7.85,30.12,69.73,20.64,1.11,13.69,0
11.05,25.68,96.49,45.63,4.91,10.94,0
34.03,37.95,93.51,35.06,9.17,15.88,0
3.28,26.25,74.59,2.29,0.96,15.95,0
0.34,19.19,96.03,52.65,-0.87,20.29,0
29.67,32.29,59.39,17.81,7.45,17.27,0
12.91,24.48,61.94,59.82,3.58,14.41,0
33.2,34.94,42.73,57.25,9.02,16.37,0
13.63,28.09,75.35,56.43,3.4,19.94,0
24.92,33.02,83.32,48.67,9.48,24.84,0
8.42,37.01,86.41,13.24,2.95,25.87,0
20.79,23.96,48.99,31.96,7.17,17.85,0
36.63,27.17,66.65,13.46,11.82,15.9,0
12.73,29.62,50.61,15.58,3.72,12.1,0
2.99,37.69,79.73,36.66,0.46,13.85,0
4.7,26.71,49.48,2.45,1.66,14.39,0
3.32,27.03,94.25,58.17,1.16,10.09,0
4.25,32.39,53.84,55.12,0.71,8.88,0
5.49,27.11,57.48,22.85,1.78,9.61,0
12.15,30.76,91.05,30.93,2.94,10.41,0
13.3,22.24,67.51,27.97,3.82,8.35,0
8.34,41.07,41.44,52.93,2.17,6.57,0
14.33,23.26,69.68,41.32,3.03,7.62,0
1.28,28.39,45.07,16.69,-1.97,8.33,0
1.38,29.84,99.12,26.81,-0.53,3.2,0
2.83,39.56,75.29,25.74,2.65,5.32,0
10.95,23.38,55.39,57.56,2.98,3.02,0
3.61,39.92,73.82,10.52,1.86,10.1,0
5.0,33.79,44.61,5.37,-0.63,6.8,0
7.67,32.09,87.99,52.84,1.29,10.4,0
25.06,25.08,95.52,53.8,6.16,9.15,0
0.21,32.86,92.47,52.3,-0.14,16.66,0
15.72,26.38,60.51,30.66,7.14,15.14,0
16.58,36.33,59.55,39.58,5.43,18.44,0
24.04,25.14,42.11,33.8,8.91,11.71,0
40.49,29.43,79.08,4.17,11.89,17.87,0
0.31,27.22,72.09,35.75,1.46,18.37,0
2.5,25.06,67.56,0.82,2.82,17.88,0
32.6,33.71,94.46,19.5,9.67,16.73,0
9.2,32.68,50.07,55.94,2.22,13.22,0
12.47,36.05,40.58,18.24,2.42,17.35,0
16.32,21.1,44.4,56.39,4.59,30.36,0
17.05,35.32,53.4,15.01,5.2,28.82,0
40.27,42.53,42.0,18.87,14.11,28.56,0
86.89,27.74,70.17,37.7,24.77,30.79,1
19.1,39.48,58.85,45.7,5.79,30.16,0
5.08,28.68,50.83,30.08,-0.29,27.02,0
31.77,23.14,85.01,52.93,9.11,26.36,0
0.76,28.47,52.27,2.41,0.54,13.41,0
3.94,35.24,81.26,55.33,1.7,9.88,0
34.15,25.81,60.96,11.78,10.83,11.88,0
4.44,27.0,70.71,53.05,1.73,13.65,0
3.74,32.97,96.03,24.05,1.7,13.5,0
2.23,30.02,42.24,49.97,0.71,12.82,0
29.4,32.92,70.02,40.3,7.77,11.79,0
10.4,31.19,91.27,10.56,1.27,11.9,0
16.85,32.4,75.28,55.08,4.51,16.52,0
4.1,27.84,56.61,14.73,1.09,14.84,0
21.28,31.16,63.86,14.65,7.64,13.22,0
21.41,25.36,80.82,48.85,6.32,10.5,0
5.62,36.44,93.45,6.35,1.49,16.18,0
7.93,26.83,42.46,13.32,2.77,15.67,0
3.53,35.64,44.29,30.22,0.79,22.63,0
56.3,28.83,59.5,49.83,17.7,20.06,0
15.56,31.01,53.97,8.85,6.65,22.64,0
40.9,27.53,55.9,32.86,14.46,24.31,0
5.42,24.92,53.28,42.67,1.72,24.25,0
22.84,21.28,51.75,51.64,7.19,26.89,0
21.78,24.72,47.84,56.13,8.11,25.79,0
17.65,28.38,96.04,47.08,5.14,16.69,0
50.56,31.06,48.65,39.17,15.85,20.94,0
7.5,35.05,52.26,26.02,1.12,21.16,0
2.1,27.77,54.78,6.73,0.32,17.2,0
16.71,25.59,95.98,42.58,6.17,15.52,0
19.6,22.79,85.34,59.56,5.16,11.46,0
12.84,32.4,87.38,44.21,3.72,7.1,0
3.48,36.92,46.29,1.0,-0.53,8.84,0
10.53,36.33,90.18,29.78,5.17,8.87,0
5.61,33.55,64.49,36.88,2.95,7.39,0
8.37,33.19,55.77,41.38,2.7,11.88,0
15.54,38.49,74.55,43.18,5.17,6.36,0
20.51,31.66,89.33,33.49,6.55,10.19,0
3.96,33.23,86.72,13.4,2.57,10.8,0
7.8,28.4,93.4,56.53,1.82,10.67,0
4.7,23.19,95.69,41.8,2.14,12.84,0
3.32,26.58,54.29,14.21,2.07,12.7,0
22.94,29.95,65.43,19.34,8.1,14.66,0
36.0,30.3,40.88,55.32,8.54,20.42,0
6.94,39.63,92.76,53.25,1.48,16.49,0
20.87,30.41,49.27,24.31,5.24,19.87,0
34.09,35.89,91.69,2.3,10.38,26.26,0
28.07,27.82,59.76,2.91,6.41,21.11,0
3.03,28.44,62.09,17.04,-1.14,22.41,0
46.95,23.35,42.35,37.75,16.26,18.58,0
7.09,26.29,59.61,35.05,2.74,14.35,0
6.22,32.63,93.3,38.03,1.99,10.25,0
0.97,30.04,41.53,43.04,0.65,15.68,0
9.99,34.71,64.38,1.14,3.14,8.21,0
1.73,30.91,41.88,6.31,1.52,8.67,0
4.29,28.24,62.26,21.57,0.65,11.41,0
5.72,40.74,50.36,9.29,1.9,12.96,0
24.82,29.53,55.13,4.52,7.67,16.31,0
31.25,35.82,92.66,38.46,8.33,19.41,0
5.4,27.99,66.16,48.92,2.9,19.56,0
29.35,33.55,56.43,45.16,8.36,24.16,0
29.2,34.64,75.36,49.02,9.78,20.04,0
21.7,31.04,48.53,39.95,6.62,25.33,0
2.38,18.23,55.56,44.12,2.35,23.37,0
17.58,30.09,72.77,16.31,4.23,19.17,0
43.51,36.15,54.25,59.58,11.97,19.75,0
17.21,32.64,80.75,10.99,4.26,16.7,0
6.04,32.23,69.49,12.87,1.95,17.56,0
10.41,21.39,86.32,17.34,4.67,12.65,0
15.57,26.4,96.89,58.52,6.26,10.96,0
10.72,32.06,46.95,59.3,0.91,9.67,0
1.92,32.05,60.08,47.69,0.82,13.13,0
5.61,36.07,59.17,37.74,-1.53,11.87,0
24.32,29.28,49.07,31.2,8.09,18.03,0
29.64,32.03,88.62,58.24,10.01,13.41,0
2.22,30.08,85.59,41.74,0.62,18.11,0
45.67,25.07,69.07,56.68,13.78,22.68,0
5.98,18.72,72.27,18.99,1.87,18.33,0
16.28,32.16,43.57,20.03,4.1,23.18,0
20.9,30.87,73.33,51.28,6.7,22.06,0
25.07,26.91,87.48,8.99,7.29,20.18,0
43.71,21.9,74.43,56.76,14.04,23.75,0
5.63,33.15,55.92,30.45,1.58,17.42,0
29.33,28.67,80.05,55.58,7.94,22.17,0
2.12,32.78,61.69,20.21,-0.9,18.53,0
18.31,39.32,72.69,42.96,3.63,12.81,0
20.32,19.29,69.25,28.97,7.41,15.26,0
16.99,26.5,62.87,37.61,4.64,15.2,0
4.36,28.95,83.13,30.26,1.65,13.12,0
30.96,37.27,93.03,58.03,11.07,12.96,0
2.77,21.82,40.31,41.53,0.27,12.3,0
0.83,39.68,96.02,15.08,-0.38,13.36,0
18.96,30.68,70.69,54.58,5.56,10.12,0
9.68,29.52,82.04,17.64,2.93,9.11,0
28.37,29.01,91.34,22.3,10.4,15.36,0
7.25,27.82,68.03,6.13,3.74,12.15,0
2.76,35.24,90.1,54.0,1.45,10.72,0
27.16,24.66,50.66,17.17,9.6,13.4,0
11.94,31.73,49.55,15.54,3.4,10.28,0
3.15,28.08,79.45,55.22,1.24,12.63,0
19.12,26.19,92.21,48.33,5.43,11.42,0
10.73,42.93,93.55,8.46,1.93,12.74,0
13.91,32.1,78.62,46.16,5.38,15.5,0
9.27,33.07,71.53,54.78,3.31,19.09,0
26.47,35.69,59.88,4.71,7.96,17.79,0
26.54,22.89,98.8,49.51,7.96,17.16,0
18.54,38.76,59.18,32.85,4.05,21.85,0
1.67,17.46,84.65,40.15,-0.48,18.94,0
27.38,26.16,71.92,29.57,8.55,18.16,0
16.68,27.7,76.51,41.87,4.47,21.1,0
17.91,32.91,63.61,2.05,5.16,17.64,0
6.76,31.09,97.89,45.76,1.92,14.63,0
31.71,29.17,74.3,2.0,8.83,14.77,0
19.39,29.94,96.27,27.32,4.85,15.64,0
1.79,25.11,40.46,9.06,-1.07,13.86,0
7.86,22.51,74.36,49.41,2.21,24.39,0
32.62,33.63,83.03,18.82,10.41,15.88,0
0.73,33.47,84.7,27.25,-1.43,18.29,0
48.82,37.92,94.3,25.73,14.62,16.36,1
17.05,26.05,40.26,46.35,5.4,16.99,0
14.97,33.46,40.02,28.87,3.5,20.54,0
4.73,28.58,68.34,47.34,2.84,20.34,0
4.29,35.95,41.76,4.41,0.9,15.48,0
42.72,35.11,98.47,11.5,12.72,13.26,1
5.31,31.06,53.32,33.09,1.43,13.38,0
22.41,28.3,68.36,56.83,4.95,15.51,0
7.49,34.8,43.67,4.49,3.26,11.36,0
2.25,33.23,71.32,2.59,-0.28,18.85,0
0.16,26.58,62.8,9.39,-0.19,17.66,0
11.79,23.36,42.68,38.47,4.13,15.74,0
55.81,28.56,60.11,23.94,18.2,13.46,0
6.91,37.58,63.49,49.53,0.99,16.43,0
6.63,35.73,99.4,4.32,1.54,13.3,0
6.33,24.44,52.47,11.78,3.28,16.84,0
11.03,24.16,72.69,18.0,3.77,13.24,0
8.72,36.37,99.24,37.6,3.29,12.83,0
31.79,24.32,87.52,41.11,8.49,11.32,0
10.56,32.55,99.6,7.45,2.79,14.4,0
10.63,26.92,98.1,56.63,3.02,17.58,0
2.23,38.09,69.37,20.46,-0.19,15.02,0
60.89,26.15,81.78,42.79,16.59,16.14,1
4.31,35.72,46.63,31.45,0.78,15.2,0
1.14,30.92,66.47,13.37,1.7,13.96,0
16.32,31.26,88.54,50.77,4.96,21.36,0
13.57,20.15,70.32,49.09,5.45,12.75,0
8.05,18.99,82.16,23.76,2.59,12.63,0
8.23,28.9,84.75,35.32,1.7,18.44,0
23.06,31.23,55.21,15.47,8.2,15.55,0
3.27,24.37,92.54,41.39,1.19,11.63,0
25.74,24.56,67.59,18.54,8.68,11.56,0
15.69,32.81,52.61,50.64,3.64,14.72,0
8.14,32.81,91.92,13.04,3.48,8.37,0
9.19,29.31,65.07,0.89,3.83,13.41,0
4.45,33.9,85.02,16.11,1.62,6.37,0
20.92,24.13,72.88,11.46,5.47,10.61,0
10.79,28.22,62.91,30.5,3.19,22.65,0
5.8,38.24,88.59,12.22,2.35,21.41,0
13.6,30.34,75.07,45.79,4.31,27.53,0
81.86,30.63,63.43,14.48,25.16,27.5,1
8.57,41.53,46.58,42.42,3.58,21.86,0
38.02,23.0,93.73,34.71,10.76,27.42,0
6.35,33.98,42.13,59.17,0.75,21.45,0
0.84,38.32,91.79,59.99,0.22,11.76,0
3.43,28.38,61.6,52.17,0.7,7.42,0
8.14,34.3,78.36,45.6,3.23,11.73,0
3.72,25.09,95.33,23.19,0.04,13.65,0
0.0,26.57,49.1,45.2,1.02,17.29,0
36.98,31.92,74.02,57.4,12.45,14.36,0
27.86,33.99,85.87,1.4,8.36,10.86,0
20.34,35.6,85.46,32.27,6.16,13.91,0
2.76,37.85,71.54,13.08,0.06,12.35,0
1.92,29.66,77.48,33.47,0.03,15.45,0
1.05,35.97,85.45,27.99,-0.09,13.73,0
19.31,28.29,90.46,34.55,7.24,15.47,0
39.64,34.51,85.71,33.06,11.82,12.5,0
8.45,31.04,61.24,57.61,1.21,12.79,0
1.9,32.23,99.8,33.13,0.83,13.24,0
10.77,32.12,66.07,50.77,4.06,10.0,0
6.43,21.98,41.47,19.19,1.91,9.91,0
7.05,24.38,61.76,26.29,3.58,8.99,0
14.57,30.51,47.67,28.22,5.15,6.66,0
19.03,21.56,47.29,16.72,4.66,15.76,0
1.76,34.16,56.89,22.79,-0.02,16.82,0
0.54,34.36,43.2,35.91,0.39,17.03,0
77.59,31.64,81.31,34.81,21.61,14.35,1
3.97,24.39,44.44,38.19,1.53,10.53,0
0.83,36.9,52.2,21.11,-1.51,14.03,0
3.16,40.19,45.57,18.95,1.97,17.92,0
0.6,30.74,43.79,36.7,1.09,6.9,0
7.46,32.55,56.07,7.97,2.74,6.22,0
24.32,31.01,74.31,15.18,6.62,10.83,0
6.26,32.65,97.88,2.53,2.05,10.33,0
8.81,29.4,92.53,4.36,2.13,12.49,0
16.89,29.83,92.56,14.6,4.04,20.18,0
10.67,34.53,50.56,1.17,2.86,15.36,0
29.65,41.73,55.89,14.72,9.59,16.75,0
30.15,23.0,44.58,39.3,9.09,13.91,0
0.15,29.48,86.71,3.67,1.5,22.78,0
22.58,24.1,44.19,26.2,7.54,28.2,0
9.26,37.96,73.4,54.79,3.44,26.2,0
67.43,27.06,54.87,47.48,18.62,27.41,0
9.9,22.78,54.61,18.33,2.69,28.48,0
65.02,33.19,99.44,55.49,18.44,27.58,1
21.07,38.72,85.41,19.78,6.14,33.0,0
4.29,33.32,90.22,4.35,0.59,30.89,0
11.6,31.02,74.32,59.64,3.1,25.97,0
72.68,32.05,92.26,52.2,22.87,22.88,1
29.23,37.07,78.73,27.96,9.24,19.28,0
1.54,25.63,96.77,39.98,1.47,18.25,0
18.38,29.44,56.88,40.27,3.91,21.1,0
6.36,27.74,75.72,11.67,1.97,9.15,0
0.11,24.16,81.41,12.0,1.0,10.06,0
7.75,28.36,63.58,28.17,3.83,10.79,0
4.01,35.54,92.78,54.69,-0.34,13.45,0
25.63,32.83,98.79,0.6,7.34,7.59,0
6.17,33.22,69.63,46.95,2.89,12.62,0
26.36,30.73,63.44,3.45,7.72,10.3,0
0.01,32.62,68.32,28.69,-0.91,9.5,0
5.52,26.0,91.16,38.27,0.11,4.45,0
4.14,28.45,78.73,41.21,0.29,7.53,0
3.99,30.96,42.69,3.51,-0.49,2.44,0
1.06,31.39,72.53,25.12,0.38,6.06,0
3.11,31.6,41.04,35.03,1.83,9.25,0
12.16,29.31,86.71,3.96,2.39,7.77,0
5.17,28.11,59.7,8.11,1.81,12.5,0
8.1,45.79,68.32,39.82,3.28,13.18,0
7.09,34.53,87.92,31.3,2.13,17.15,0
31.3,32.07,42.79,9.71,7.78,12.46,0
35.36,28.83,49.51,32.11,10.99,13.78,0
10.19,27.74,63.88,54.76,3.0,23.14,0
6.01,29.35,53.8,0.94,1.65,17.57,0
1.69,31.46,60.27,38.56,-0.04,17.29,0
45.99,20.6,99.89,4.42,13.88,12.81,1
0.93,22.15,89.52,0.39,0.79,12.3,0
5.3,26.82,93.03,9.04,3.98,7.14,0
5.31,31.04,96.22,25.37,1.7,13.76,0
5.79,28.8,60.46,48.14,3.25,6.1,0
2.69,37.39,57.82,16.91,1.17,10.62,0
22.93,22.59,54.04,37.54,6.78,4.66,0
1.96,26.24,89.81,24.67,0.74,8.1,0
15.11,37.6,80.77,14.06,3.31,12.14,0
1.98,30.66,54.17,30.85,0.9,7.77,0
1.1,34.42,62.62,47.85,-1.66,10.4,0
36.02,40.26,70.4,49.95,9.94,9.91,0
3.16,26.53,71.69,50.79,1.06,10.13,0
25.83,29.5,93.32,20.31,8.94,19.07,0
11.8,28.64,62.83,47.61,4.97,18.81,0
1.22,20.23,94.51,12.73,0.13,17.82,0
46.67,28.45,66.48,44.31,14.16,15.35,0
4.25,34.41,84.78,56.9,2.26,20.1,0
29.45,32.7,95.82,0.82,7.51,16.17,0
2.77,33.1,94.45,26.42,1.24,17.63,0
28.86,28.12,43.42,38.87,7.83,15.92,0
0.2,26.72,52.34,42.11,-0.11,17.3,0
10.75,36.35,68.61,10.57,2.77,20.68,0
22.01,27.51,65.89,58.33,7.04,24.34,0
40.95,31.47,78.45,36.92,12.84,22.97,0
35.99,30.82,96.68,9.86,11.69,25.82,0
25.69,37.31,46.74,1.23,8.06,24.65,0
32.86,34.86,67.11,47.0,10.03,21.08,0
3.33,23.52,51.54,4.78,2.85,16.18,0
5.01,24.06,93.65,8.46,-0.02,13.42,0
5.12,32.89,97.87,34.49,3.23,11.97,0
7.1,29.68,68.72,36.21,1.84,6.19,0
7.5,27.72,46.24,41.21,2.82,10.35,0
11.8,35.08,87.12,23.61,3.21,9.1,0
2.61,30.94,81.83,46.43,0.08,4.27,0
17.63,30.26,61.28,58.46,5.77,5.53,0
2.75,33.9,93.24,16.27,1.87,13.04,0
5.57,28.12,98.55,42.18,2.14,11.38,0
10.5,37.84,73.47,55.71,2.61,14.05,0
23.88,26.06,73.94,41.18,10.77,13.85,0
20.18,33.28,57.85,40.87,7.25,12.86,0
15.56,37.17,75.07,13.43,5.6,12.35,0
2.54,23.11,66.38,32.11,0.41,10.05,0
11.88,28.28,58.13,33.75,2.94,10.26,0
1.37,35.71,44.03,42.01,0.13,7.9,0
7.11,35.79,55.16,59.81,3.21,4.03,0
8.0,29.14,51.87,2.02,1.41,9.66,0
0.61,26.33,72.52,3.91,-0.89,21.64,0
4.8,34.78,76.1,4.68,1.98,16.93,0
46.73,35.92,76.51,44.58,14.34,14.83,0
46.07,24.18,63.29,8.18,13.05,16.89,0
6.52,23.98,65.27,37.35,0.86,16.36,0
0.66,31.13,90.05,19.48,1.64,19.93,0
2.96,33.15,68.57,27.44,1.25,16.71,0
7.47,28.5,99.27,12.94,0.88,10.55,0
44.28,33.4,66.38,51.97,11.99,14.73,0
2.28,26.45,78.97,35.17,0.32,20.99,0
21.63,19.43,43.02,56.67,7.22,20.05,0
1.73,27.88,79.2,34.48,1.11,22.96,0
59.65,30.32,91.09,7.43,19.03,19.12,1
7.21,28.62,96.55,10.25,0.67,19.47,0
22.39,24.21,99.84,59.34,6.94,20.71,0
6.29,20.92,56.93,43.53,3.31,18.83,0
14.82,27.43,74.52,2.96,5.78,14.98,0
3.2,34.49,67.04,42.23,1.32,16.45,0
2.37,36.28,73.83,24.73,3.06,19.51,0
41.72,35.94,49.45,18.43,13.13,21.97,0
37.45,25.92,91.37,9.24,12.28,20.78,0
32.77,24.23,94.57,50.39,9.87,24.71,0
14.73,32.48,66.98,3.83,3.64,20.71,0
24.77,33.18,56.83,17.39,6.56,16.23,0
1.07,32.0,48.45,18.38,0.5,13.2,0
6.11,19.93,81.03,9.65,1.62,12.07,0
5.65,25.67,58.73,30.49,-0.07,7.21,0
15.14,29.85,94.57,0.7,3.52,3.63,0
6.6,32.44,80.26,18.06,1.66,12.86,0
2.41,33.84,78.74,56.02,1.45,9.95,0
13.61,30.72,73.56,18.63,4.07,8.2,0
25.26,31.65,42.75,21.63,7.51,7.14,0
7.22,30.42,95.92,28.39,1.18,11.72,0
2.13,33.43,77.68,33.7,0.66,7.39,0
3.29,31.56,99.64,48.52,2.3,8.72,0
4.07,30.33,72.24,11.42,1.38,6.43,0
5.35,28.66,82.61,52.3,0.1,6.38,0
15.44,30.41,43.37,45.45,3.38,8.02,0
13.78,32.42,77.9,43.36,4.72,10.16,0
17.86,31.34,85.88,5.21,5.14,14.58,0
6.75,31.9,86.71,1.3,1.95,13.46,0
26.06,36.71,86.21,35.64,7.2,19.48,0
3.42,31.33,53.58,51.79,1.53,11.55,0
9.5,26.76,98.52,35.07,2.55,8.95,0
24.21,34.42,99.71,12.79,7.08,17.38,0
2.98,23.17,44.54,5.43,0.04,13.61,0
1.75,24.59,96.19,41.98,1.45,14.24,0
32.27,31.68,57.37,43.31,9.46,9.94,0
6.3,32.58,81.36,10.35,2.5,14.71,0
17.27,23.77,60.29,1.69,3.99,11.46,0
0.39,28.09,98.07,24.5,1.85,10.62,0
17.57,26.97,46.09,34.96,6.55,11.17,0
5.7,27.57,69.86,42.36,-0.2,8.53,0
0.86,34.72,65.68,48.6,-0.54,4.83,0
14.12,33.53,59.56,36.63,4.71,7.36,0
4.13,29.9,78.73,6.65,-0.08,3.55,0
7.34,27.27,47.86,40.95,2.07,-0.96,0
1.26,23.25,83.0,59.05,0.8,3.37,0
2.39,37.1,98.84,54.34,0.53,7.24,0
5.31,32.96,88.27,52.3,2.13,5.41,0
1.41,26.47,91.6,18.13,-0.27,9.24,0
36.26,33.6,61.58,45.05,8.63,6.64,0
0.09,29.65,59.49,51.07,1.01,9.6,0
9.92,28.56,71.02,40.7,3.95,11.0,0
1.97,32.18,42.74,15.03,3.1,15.46,0
5.52,26.29,96.72,57.23,-0.55,13.14,0
39.07,28.28,48.63,27.05,12.47,11.49,0
2.65,30.61,94.18,7.79,-1.18,20.13,0
50.65,27.5,45.01,6.59,16.95,17.36,0
3.46,33.35,89.36,38.85,1.52,26.42,0
20.3,39.35,49.12,26.26,5.14,20.19,0
11.87,26.23,42.29,5.67,4.34,21.9,0
32.37,21.67,83.17,44.42,9.16,15.64,0
12.11,19.99,56.82,47.96,3.93,13.67,0
11.47,29.25,82.87,43.52,3.65,16.11,0
3.26,26.68,73.31,12.14,2.72,17.58,0
2.73,31.04,46.53,41.39,2.63,11.62,0
37.24,30.66,95.93,0.64,10.58,11.26,0
5.96,21.98,67.14,18.31,2.85,13.14,0
6.98,20.93,84.07,23.93,2.45,13.78,0
21.4,31.48,70.06,50.11,5.01,23.13,0
6.21,30.68,76.26,23.42,1.17,19.8,0
45.57,27.87,58.17,0.68,16.01,23.23,0
20.09,21.71,52.02,21.14,6.38,22.26,0
13.65,32.36,72.55,29.94,5.09,17.35,0
31.92,36.36,66.41,56.94,9.36,17.76,0
0.76,31.39,63.41,56.46,-0.31,9.56,0
4.46,25.76,80.35,10.85,1.36,15.56,0
9.38,30.22,81.43,11.11,2.55,14.54,0
3.86,23.17,42.76,9.8,-0.33,12.81,0
20.43,35.29,60.32,47.34,5.13,13.43,0
37.74,30.41,64.71,0.36,12.03,16.58,0
8.27,21.16,45.81,7.63,2.1,15.69,0
6.28,28.5,54.15,32.28,1.91,20.08,0
48.88,32.32,43.1,14.85,14.9,17.17,0
8.83,28.33,99.77,5.54,2.96,17.66,0
10.07,28.62,84.19,21.59,4.17,20.59,0
6.5,23.88,45.25,16.45,0.85,21.09,0
36.04,32.83,41.21,30.67,11.38,18.75,0
12.62,26.76,83.16,58.75,4.54,17.76,0
21.54,19.22,66.35,7.46,7.45,16.02,0
25.05,28.14,87.21,22.36,6.1,17.76,0
6.27,34.91,95.41,55.92,2.14,16.12,0
8.53,28.07,75.96,52.61,4.27,17.34,0
28.3,38.69,51.23,23.66,8.39,21.98,0
6.77,32.14,86.93,41.94,2.51,18.36,0
23.69,31.69,97.35,5.27,7.89,20.08,0
42.45,29.36,74.81,42.75,11.71,22.5,0
14.64,29.66,80.92,58.37,6.23,21.07,0
20.3,28.68,60.25,32.25,6.59,25.91,0
24.53,28.49,62.89,29.91,7.88,22.02,0
27.97,32.65,84.08,11.24,6.73,12.36,0
7.54,25.32,95.67,38.03,3.06,16.7,0
0.79,24.62,77.74,35.43,0.74,9.78,0
7.71,24.38,87.39,39.12,3.94,14.9,0
16.8,40.23,50.3,1.56,4.73,8.49,0
8.98,32.65,52.72,32.92,1.71,11.68,0
20.73,31.52,71.92,35.7,5.54,7.43,0
6.62,24.71,50.59,12.45,1.48,10.76,0
15.11,33.12,78.1,12.5,3.41,13.38,0
3.09,29.42,57.5,16.57,2.22,10.25,0
20.76,31.07,87.49,42.7,7.55,7.75,0
11.83,25.12,88.49,36.38,3.35,14.24,0
3.42,30.8,67.83,50.75,0.63,15.12,0
5.18,27.88,50.85,17.74,-0.26,12.65,0
20.71,26.17,78.81,54.72,6.91,12.96,0
9.88,33.67,99.57,44.62,4.62,19.67,0
3.65,22.31,77.36,23.7,0.46,19.28,0
51.29,32.82,42.15,5.72,15.27,22.24,0
18.84,33.42,41.04,15.42,6.08,21.39,0
47.25,25.6,59.22,57.41,15.9,28.6,0
8.36,25.9,51.75,18.62,2.71,27.65,0
9.67,28.88,88.78,19.79,3.1,20.21,0
34.24,31.41,90.69,11.38,10.45,17.18,0
11.17,29.24,55.52,48.41,1.93,15.59,0
18.43,32.17,59.54,16.54,4.08,11.61,0
4.36,38.81,54.17,19.82,0.5,12.22,0
8.88,27.46,94.5,24.86,3.68,4.16,0
1.98,21.42,70.16,26.02,0.26,6.53,0
3.46,34.13,79.37,24.68,0.51,11.84,0
0.01,38.42,64.93,30.22,-0.54,8.35,0
0.6,31.96,77.86,48.87,0.04,13.97,0
56.77,24.56,63.15,49.16,18.73,16.64,0
4.16,29.38,60.38,47.9,1.1,18.23,0
16.33,24.41,78.07,6.07,4.11,16.35,0
27.4,33.21,75.46,47.98,8.25,20.17,0
12.0,23.24,57.61,7.22,5.35,13.8,0
2.49,28.5,48.96,7.48,0.25,15.59,0
19.54,24.98,62.11,56.87,4.68,17.04,0
13.75,30.63,64.91,49.16,3.63,23.24,0
19.71,28.17,77.72,33.14,6.04,22.99,0
22.03,30.88,94.87,52.5,7.3,19.02,0
55.58,30.11,42.17,59.36,17.68,22.8,0
12.78,25.07,54.62,36.64,2.79,21.4,0
6.27,33.13,51.62,36.77,0.93,20.78,0
15.68,29.76,70.14,45.27,4.38,19.22,0
1.06,25.06,65.78,13.93,1.0,12.1,0
34.15,41.2,83.74,10.03,8.99,11.22,0
1.91,32.38,54.54,45.57,-0.04,13.2,0
5.96,29.23,75.67,20.69,1.19,13.23,0
25.37,37.08,93.03,8.1,8.55,10.58,0
13.64,39.21,94.64,18.89,4.62,8.65,0
